:020000040801F1
:10000000000002205D7E01086D5301087153010854
:1000100075530108795301087D5301080000000061
:1000200000000000000000000000000081530108F3
:100030008553010800000000A57E0108417D0108EC
:10004000A57E0108A57E0108A57E0108A57E010800
:10005000A57E0108A57E0108A57E0108A57E0108F0
:10006000A57E0108A57E0108A57E0108A57E0108E0
:100070003566010861660108A57E0108FD5B01087F
:10008000A57E0108A57E0108A57E0108A57E0108C0
:10009000A57E0108A57E0108A57E0108A57E0108B0
:1000A000A57E0108A57E0108A57E0108A57E0108A0
:1000B000A57E0108A57E010849670108A57E010803
:1000C000A57E0108A57E0108A57E0108A57E010880
:1000D000A57E010891790108A57E010885660108C1
:1000E000A57E0108A57E0108A57E0108A57E010860
:1000F000A57E0108A57E0108A57E0108A57E010850
:10010000A57E0108A57E0108A57E0108A57E01083F
:10011000A57E0108A57E0108A57E0108A57E01082F
:10012000A57E0108A57E0108A57E0108A57E01081F
:10013000A57E0108A57E0108A57E0108A57E01080F
:10014000A57E0108A57E0108A57E0108A57E0108FF
:10015000A57E0108A57E0108A57E0108A57E0108EF
:10016000A57E0108A57E0108A57E0108A57E0108DF
:10017000A57E0108A57E0108A57E0108A57E0108CF
:08018000A57E0108A57E01081F
:1001900010B5054C237833B9044B13B10448AFF3C1
:1001A00000800123237010BD4C00002000000000DF
:1001B0003C8A010808B5034B1BB103490348AFF360
:1001C000008008BD00000000500000203C8A0108AB
:1001D00081F0004102E000BF83F0004330B54FEAF8
:1001E00041044FEA430594EA050F08BF90EA020F65
:1001F0001FBF54EA000C55EA020C7FEA645C7FEAF8
:10020000655C00F0E2804FEA5454D4EB5555B8BF1A
:100210006D420CDD2C4480EA020281EA030382EA8B
:10022000000083EA010180EA020281EA0303362D1D
:1002300088BF30BD11F0004F4FEA01314FF4801CF0
:100240004CEA113102D0404261EB410113F0004F02
:100250004FEA03334CEA133302D0524263EB4303B9
:1002600094EA050F00F0A780A4F10104D5F1200E57
:100270000DDB02FA0EFC22FA05F2801841F10001B2
:1002800003FA0EF2801843FA05F359410EE0A5F186
:1002900020050EF1200E012A03FA0EFC28BF4CF0B7
:1002A000020C43FA05F3C01851EBE37101F000456D
:1002B00007D54FF0000EDCF1000C7EEB00006EEB7A
:1002C0000101B1F5801F1BD3B1F5001F0CD3490804
:1002D0005FEA30004FEA3C0C04F101044FEA44525B
:1002E00012F5800F80F09A80BCF1004F08BF5FEAE2
:1002F000500C50F1000041EB045141EA050130BDC2
:100300005FEA4C0C404141EB0101013C28BFB1F5D3
:10031000801FE9D291F0000F04BF01460020B1FA1E
:1003200081F308BF2033A3F10B03B3F120020CDAF1
:100330000C3208DD02F1140CC2F10C0201FA0CF0CF
:1003400021FA02F10CE002F11402D8BFC2F1200C34
:1003500001FA02F120FA0CFCDCBF41EA0C019040EA
:10036000E41AA2BF01EB0451294330BD6FEA040433
:100370001F3C1CDA0C340EDC04F11404C4F120021E
:1003800020FA04F001FA02F340EA030021FA04F330
:1003900045EA030130BDC4F10C04C4F1200220FA87
:1003A00002F001FA04F340EA0300294630BD21FAC5
:1003B00004F0294630BD94F0000F83F4801306BF8B
:1003C00081F480110134013D4EE77FEA645C18BF7F
:1003D0007FEA655C29D094EA050F08BF90EA020F16
:1003E00005D054EA000C04BF1946104630BD91EA0E
:1003F000030F1EBF0021002030BD5FEA545C05D111
:100400004000494128BF41F0004130BD14F580044F
:100410003CBF01F5801130BD01F0004545F0FE41C3
:1004200041F470014FF0000030BD7FEA645C1ABFF8
:10043000194610467FEA655C1CBF0B46024650EA2F
:10044000013406BF52EA033591EA030F41F400215B
:1004500030BD00BF90F0000F04BF0021704730B5E1
:100460004FF4806404F132044FF000054FF00001B6
:1004700050E700BF90F0000F04BF0021704730B577
:100480004FF4806404F1320410F0004548BF40424C
:100490004FF000013EE700BF42004FEAE2014FEAA1
:1004A00031014FEA02701FBF12F07F4393F07F4F7C
:1004B00081F06051704732F07F4208BF704793F07F
:1004C0007F4F04BF41F40021704730B54FF4607492
:1004D00001F0004521F000411CE700BF50EA010295
:1004E00008BF704730B54FF000050AE050EA01023E
:1004F00008BF704730B511F0004502D5404261EBAE
:1005000041014FF4806404F132045FEA915C3FF4EE
:10051000D8AE4FF003025FEADC0C18BF03325FEA8B
:10052000DC0C18BF033202EBDC02C2F1200300FA3C
:1005300003FC20FA02F001FA03FE40EA0E0021FA61
:1005400002F11444BDE600BF70B54FF0FF0C4CF44F
:10055000E06C1CEA11541DBF1CEA135594EA0C0F01
:1005600095EA0C0F00F0DEF82C4481EA030621EA3C
:100570004C5123EA4C5350EA013518BF52EA033577
:1005800041F4801143F4801338D0A0FB02CE4FF029
:100590000005E1FB02E506F00042E0FB03E54FF059
:1005A0000006E1FB03569CF0000F18BF4EF0010E51
:1005B000A4F1FF04B6F5007F64F5407404D25FEA4D
:1005C0004E0E6D4146EB060642EAC62141EA555100
:1005D0004FEAC52040EA5E504FEACE2EB4F1FD0C42
:1005E00088BFBCF5E06F1ED8BEF1004F08BF5FEAC0
:1005F000500E50F1000041EB045170BD06F0004672
:1006000046EA010140EA020081EA0301B4EB5C041E
:10061000C2BFD4EB0C0541EA045170BD41F4801116
:100620004FF0000E013C00F3AB8014F1360FDEBF3B
:10063000002001F0004170BDC4F10004203C35DA17
:100640000C341BDC04F11404C4F1200500FA05F39A
:1006500020FA04F001FA05F240EA020001F000423B
:1006600021F0004110EBD37021FA04F642EB0601B1
:100670005EEA430E08BF20EAD37070BDC4F10C04DB
:10068000C4F1200500FA04F320FA05F001FA04F29F
:1006900040EA020001F0004110EBD37041F100018B
:1006A0005EEA430E08BF20EAD37070BDC4F1200596
:1006B00000FA05F24EEA020E20FA04F301FA05F2FE
:1006C00043EA020321FA04F001F0004121FA04F2A6
:1006D00020EA020000EBD3705EEA430E08BF20EA76
:1006E000D37070BD94F0000F0FD101F000464000B0
:1006F00041EB010111F4801F08BF013CF7D041EA32
:10070000060195F0000F18BF704703F00046520035
:1007100043EB030313F4801F08BF013DF7D043EA06
:100720000603704794EA0C0F0CEA135518BF95EABC
:100730000C0F0CD050EA410618BF52EA4306D1D143
:1007400081EA030101F000414FF0000070BD50EA62
:10075000410606BF1046194652EA430619D094EAEC
:100760000C0F02D150EA013613D195EA0C0F05D1D6
:1007700052EA03361CBF104619460AD181EA03012A
:1007800001F0004141F0FE4141F470014FF00000E2
:1007900070BD41F0FE4141F4780170BD70B54FF07D
:1007A000FF0C4CF4E06C1CEA11541DBF1CEA1355FD
:1007B00094EA0C0F95EA0C0F00F0A7F8A4EB0504DF
:1007C00081EA030E52EA03354FEA013100F08880D6
:1007D0004FEA03334FF0805545EA131343EA12639F
:1007E0004FEA022245EA111545EA10654FEA002654
:1007F0000EF000419D4208BF964244F1FD0404F50D
:10080000407402D25B084FEA3202B61A65EB030568
:100810005B084FEA32024FF480104FF4002CB6EB25
:10082000020E75EB030E22BFB61A754640EA0C00A5
:100830005B084FEA3202B6EB020E75EB030E22BFE5
:10084000B61A754640EA5C005B084FEA3202B6EB26
:10085000020E75EB030E22BFB61A754640EA9C00E5
:100860005B084FEA3202B6EB020E75EB030E22BFB5
:10087000B61A754640EADC0055EA060E18D04FEA73
:10088000051545EA16754FEA06164FEAC30343EA13
:1008900052734FEAC2025FEA1C1CC0D111F4801FE0
:1008A0000BD141EA00014FF000004FF0004CB6E7D9
:1008B00011F4801F04BF01430020B4F1FD0C88BF78
:1008C000BCF5E06F3FF6AFAEB5EB030C04BFB6EB83
:1008D000020C5FEA500C50F1000041EB045170BD76
:1008E0000EF0004E4EEA113114EB5C04C2BFD4EBA3
:1008F0000C0541EA045170BD41F480114FF0000E27
:10090000013C90E645EA060E8DE60CEA135594EAA2
:100910000C0F08BF95EA0C0F3FF43BAF94EA0C0FA5
:100920000AD150EA01347FF434AF95EA0C0F7FF41A
:1009300025AF104619462CE795EA0C0F06D152EA6E
:1009400003353FF4FDAE1046194622E750EA410652
:1009500018BF52EA43067FF4C5AE50EA41047FF463
:100960000DAF52EA43057FF4EBAE12E74FF0FF3CC8
:1009700006E000BF4FF0010C02E000BF4FF0010C99
:100980004DF804CD4FEA410C7FEA6C5C4FEA430C12
:1009900018BF7FEA6C5C1BD001B050EA410C0CBF61
:1009A00052EA430C91EA030F02BF90EA020F0020C3
:1009B000704710F1000F91EA030F58BF994208BF2A
:1009C00090422CBFD8176FEAE37040F001007047E7
:1009D0004FEA410C7FEA6C5C02D150EA013C07D13E
:1009E0004FEA430C7FEA6C5CD6D152EA033CD3D089
:1009F0005DF8040B704700BF8446104662468C4683
:100A00001946634600E000BF01B5FFF7B7FF0028B5
:100A100048BF10F1000F01BD4DF808EDFFF7F4FFDE
:100A20000CBF012000205DF808FB00BF4DF808ED69
:100A3000FFF7EAFF34BF012000205DF808FB00BF8C
:100A40004DF808EDFFF7E0FF94BF012000205DF8AE
:100A500008FB00BF4DF808EDFFF7CEFF94BF012063
:100A600000205DF808FB00BF4DF808EDFFF7C4FF5C
:100A700034BF012000205DF808FB00BF4FEA4102AF
:100A800012F5001215D211D56FF47873B3EB6252E0
:100A900012D94FEAC12343F0004343EA505311F007
:100AA000004F23FA02F018BF404270474FF0000099
:100AB000704750EA013005D111F0004008BF6FF0D7
:100AC000004070474FF00000704700BF53B94AB96B
:100AD000002908BF00281CBF4FF0FF314FF0FF3046
:100AE00000F074B9ADF1080C6DE904CE00F006F821
:100AF000DDF804E0DDE9022304B070472DE9F0479A
:100B0000089D04468E46002B4DD18A42944669D9F1
:100B1000B2FA82F252B101FA02F3C2F1200120FAD4
:100B200001F10CFA02FC41EA030E94404FEA1C4822
:100B3000210CBEFBF8F61FFA8CF708FB16E341EA1E
:100B4000034306FB07F199420AD91CEB030306F1A4
:100B5000FF3080F01F81994240F21C81023E6344C5
:100B60005B1AA4B2B3FBF8F008FB103344EA034469
:100B700000FB07F7A7420AD91CEB040400F1FF337E
:100B800080F00A81A74240F207816444023840EABB
:100B90000640E41B00261DB1D4400023C5E90043F4
:100BA0003146BDE8F0878B4209D9002D00F0EF8077
:100BB0000026C5E9000130463146BDE8F087B3FAAA
:100BC00083F6002E4AD18B4202D3824200F2F98092
:100BD000841A61EB030301209E46002DE0D0C5E995
:100BE000004EDDE702B9FFDEB2FA82F2002A40F0E1
:100BF0009280A1EB0C014FEA1C471FFA8CFE0126E4
:100C0000200CB1FBF7F307FB131140EA01410EFB87
:100C100003F0884208D91CEB010103F1FF3802D22E
:100C2000884200F2CB804346091AA4B2B1FBF7F028
:100C300007FB101144EA01440EFB00FEA64508D94B
:100C40001CEB040400F1FF3102D2A64500F2BB8088
:100C50000846A4EB0E0440EA03409CE7C6F12007D7
:100C6000B34022FA07FC4CEA030C20FA07F401FA1D
:100C700006F31C43F9404FEA1C4900FA06F3B1FBA6
:100C8000F9F8200C1FFA8CFE09FB181140EA01410B
:100C900008FB0EF0884202FA06F20BD91CEB0101A8
:100CA00008F1FF3A80F08880884240F28580A8F100
:100CB00002086144091AA4B2B1FBF9F009FB101152
:100CC00044EA014100FB0EFE8E4508D91CEB0101F0
:100CD00000F1FF346CD28E456AD90238614440EA93
:100CE0000840A0FB0294A1EB0E01A142C846A64613
:100CF00056D353D05DB1B3EB080261EB0E0101FA9C
:100D000007F722FA06F3F1401F43C5E900710026F8
:100D10003146BDE8F087C2F12003D8400CFA02FC4E
:100D200021FA03F3914001434FEA1C471FFA8CFE5E
:100D3000B3FBF7F007FB10360B0C43EA064300FB4E
:100D40000EF69E4204FA02F408D91CEB030300F1EC
:100D5000FF382FD29E422DD9023863449B1B89B2A3
:100D6000B3FBF7F607FB163341EA034106FB0EF32C
:100D70008B4208D91CEB010106F1FF3816D28B42D9
:100D800014D9023E6144C91A46EA004638E72E46A5
:100D9000284605E70646E3E61846F8E64B45A9D29D
:100DA000B9EB020864EB0C0E0138A3E74646EAE70C
:100DB000204694E74046D1E7D0467BE7023B6144BA
:100DC00032E7304609E76444023842E7704700BF23
:100DD00001F0FF01102A2BDB10F0070F08D010F8EC
:100DE000013B013A8B422DD010F0070F42B3F6D1F0
:100DF000F0B441EA012141EA014122F007047FF009
:100E000000070023F0E80256083C85EA010586EA5F
:100E1000010685FA47F5A3FA87F586FA47F6A5FA9B
:100E200087F68EB9EED1F0BC01F0FF0102F00702A7
:100E300032B110F8013B013A83EA010313B1F8D152
:100E40000020704701387047002D06BF3546033833
:100E5000073815F0010F07D1013015F4807F02BF6C
:100E6000013015F4C03F0130F0BC0138704700BFBD
:100E7000EC46A0E8F05F4FF000007047B0E8F05F8C
:100E8000E546080008BF0120704700BF10F8012B9D
:100E900011F8013B012A28BF9A42F7D0D01A7047B7
:100EA00030B583B004466D464168284605F098FE8B
:100EB00009492078094C2C2200F0ECF9034695E80A
:100EC000030003F120025C6082E80300012283F842
:100ED0002A2003B030BD00BFA10E0108E10E0108B9
:100EE00038B500F12005044695E8030005F0E2FE60
:100EF00020B1A3681844A060012038BD95E8030024
:100F000005F002FF94F82A3094F82B2093421CD26B
:100F1000218B0133DBB2084480B29A42208384F8EB
:100F20002A3018D8638B83421BD8A38B834218D3F3
:100F3000002384F82830134801F042FF6369E26817
:100F400013446361A360012038BD01239A422083CA
:100F500084F82A30E6D9A36822691344A3600120EB
:100F600038BD94F8283094F829200133DBB29A4236
:100F700084F82830DFD8044803F09AFD01F09CFF84
:100F8000D6E700BF6C000020608A010838B515491B
:100F90000546007800F05EF9044601F085FE04F194
:100FA000200393E8030005F005FF6B686361A3600D
:100FB000AB6823612B7B84F82B305A1C84F82A20E1
:100FC0002A69E260D5E90501EA6984F8292060838D
:100FD000A18303B938BD20461F21BDE8384001F088
:100FE00075BF00BFA10E01082DE9F041214884B072
:100FF00001F0EEFE30B3FF231F4D204F204E8DF841
:101000000F3029460DF10F0000F070F90446C8B109
:1010100094F82A2094F82B309A42F2D106F0ECFD95
:1010200094F82B3094F82A20934203F101010CD05C
:1010300006F0E4FD29460DF10F0000F057F90446D3
:101040000028E5D104B0BDE8F0816269B4F81880E9
:1010500084F82A10019206F0D1FD3046A7F80080EE
:1010600003F058FF019A9DF80F10434600F090FDE1
:10107000C7E700BF6C000020A10E01086800002037
:10108000748A010830B583B0FF23124D8DF8073004
:1010900006E093E8030005F08DFE94F82B305BB971
:1010A00029460DF1070000F021F9044600F1200364
:1010B0000028EED103B030BD6269E16801330A4413
:1010C00084F82A306261A2600021204601F0FEFE11
:1010D000E6E700BFA10E010808B5044B04482B2227
:1010E0001A6003F0E5FC01F0BBFE00BF54010020D4
:1010F000A48A010808B506F077FD034B033020F001
:101100000300186008BD00BF7000002070B50E4ECF
:10111000336804461D1806F06BFD85420CD835680F
:10112000E31C23F003032B442246002128463360AE
:1011300007F07CFC284670BD044B054828221A6045
:1011400003F0B6FC01F08CFE70000020540100207A
:10115000C08A0108024B1A6802601860704700BF1D
:101160008000002010B506F04BFD084B1C682CB128
:1011700022681A6006F048FD204610BD044B054861
:101180002A221A6003F094FC01F06AFE800000201D
:1011900054010020D48A01080068B0FA80F04009A8
:1011A000704700BF0068704703460A680020186057
:1011B0001AB14A6813604B607047C1E900330120DF
:1011C000704700BF03681A6802601846704700BF86
:1011D00000230360704700BF08B5FF294FF00003EC
:1011E000C0E9003308DC054B1B882BB9044B1A7887
:1011F0008A42B8BF197008BDFFF76EFF7C0000205F
:10120000840000200F4B188810B4A0B1013815D00D
:101210000D4A0E4B146893F800C00022234619466D
:101220000132634482420B60F9D102FB0C42084B4D
:10123000002111601C605DF8044B7047024B1C6874
:101240002246F4E77C000020880000208400002073
:101250008000002008B50B4B1B78834209D90A4B4C
:101260001B6853F830208A4203EBC00001D140686C
:1012700008BD064B06482D221A6003F019FC01F048
:10128000EFFD00BF8C0000209000002054010020E2
:10129000E88A010870B5104B1C7803469C42104642
:1012A00011D90E4D1AB2DC002B6853F8326056B9D2
:1012B0000B4E36883EB943F83210FFF727FF2B68F4
:1012C0002344586070BD074B07482E221A6003F074
:1012D000EFFB01F0C5FD00BF8C0000209000002056
:1012E0007C00002054010020FC8A010830B50E4A21
:1012F00003780E4C126894F800E003F1010C5FFAD9
:101300008CF302EBC30205E052F8084B8C4203F168
:10131000010C06D05FFA8CF39E451546F4D80020E8
:1013200030BD0370686830BD900000208C00002044
:1013300038B50A4C236843B90568E8B2C000FFF726
:10134000E5FE074B20601D7038BD064B06482F2276
:101350001A6003F0ADFB01F083FD00BF9000002098
:101360008C00002054010020108B010830B50D4D79
:101370000D4885B003F0CEFD29880C4B003918BF0D
:1013800001211A6803920446029101F029FD0346E7
:1013900028880090DDE90212204600F0F9FB05B034
:1013A00030BD00BF7C000020288B010874000020A5
:1013B0002DE9F0411E4F3B88064683BB1D4BDFF8ED
:1013C0008C801D78D8F80040032D9CBF04251D702B
:1013D00006F00EFC002322462C44A04213D3013316
:1013E000B3F5805FF7D11D46D8F80000201AFFF74B
:1013F0008DFE114B3D801860FFF704FF0F4B3268E4
:101400001A60BDE8F08113B19DB21446ECE70C4BB5
:101410000C4829221A6003F04BFB01F021FD084B18
:1014200009482C221A6003F043FB01F019FD00BFAC
:101430007C00002084000020880000207400002030
:1014400054010020788B0108648B01087000002093
:1014500010B5064803F05EFD044606F017FC014691
:101460002046BDE8104000F093BB00BF8C8B010804
:1014700010B582B006F00AFC094A0A4B11681B68D5
:101480000446A34288BF01310748019103F042FDA1
:101490000199224602B0BDE8104000F079BB00BFC0
:1014A000A8000020A40000209C8B01082DE9F04139
:1014B000264D274E2B68274F01332B603368081ABF
:1014C0000344B0F5803F0C46336019D23B6800FB03
:1014D00000F0FF3003EB1020984238BF4FF0FF3090
:1014E00038601D48DFF87C8006F0C8FBD8F8003073
:1014F00001461944204606F0C5FB70B1BDE8F081F5
:10150000B0F5801F06D200F1FF023B68120A00FB13
:101510000230E1E74FF0FF30E2E7104803F0FAFC59
:101520003B683268296800F033FBD8F80030A342EA
:1015300003D90B4A1368013313600023C8F8004035
:101540003B6033602B60BDE8F08100BF7800002075
:10155000AC000020B0000020404B4C00B48B0108D0
:10156000A8000020A400002008B5044B0448312244
:101570001A6003F09DFA01F073FC00BF54010020D3
:10158000D48B010801F080BC10B50E4B04681B68B9
:1015900042689C4282B012D2D2B21119994201D94A
:1015A0001A1BD2B20848019203F0B4FC074B019A0F
:1015B0002344214602B0BDE8104000F0E9BA002201
:1015C000F0E700BFF8A00108E48B0108C895010806
:1015D00008B5044803F09EFC034B1968BDE80840B9
:1015E00000F0D6BA0C8C0108A000002038B50368C2
:1015F0001F4C204A416823600B2B116015D01E48F8
:10160000002107F03FF81D48012107F085F91C482B
:10161000012107F037F81B48012107F033F8BDE836
:1016200038400121022004F09DBD17481749184B8E
:10163000002401254FF4FA5205700C6015481C80F7
:10164000214607F0F3F929460B4807F01BF821461D
:101650000A4807F061F92146094807F013F80948DC
:10166000214607F00FF8BDE83840022004F094BD91
:10167000980000209400002000080040580002401C
:1016800000340140002C01409C000020A0000020FC
:10169000482100200802002000B50849084A094BEB
:1016A0000968094812681A6083B0019103F032FC9E
:1016B000019903B05DF804EB00F06ABAD401002090
:1016C000880100206C010020208C010810B506481C
:1016D00003F020FCBDE8104040F2E93340F25A220A
:1016E00040F2EA7100F054BA348C010838B5084A67
:1016F000084B15681C68084803F00CFC621B002AA4
:101700002946B8BF5242BDE8384000F041BA00BF98
:101710006C010020880100205C8C010810B5064A8D
:10172000064C036806482360138003F0F3FB21682E
:10173000BDE8104000F02CBA42000020000000205C
:101740007C8C0108F8B5877F04469FB100252F46A1
:1017500001262B46043304EBC30393E8030005F092
:1017600057FC01357100EBB200B13743A27F9A42BA
:10177000CEB2EFD8227CBA4207D0637C7B40DB43F9
:1017800082EA0701DBB20B4210D194F91C30257FAD
:101790006774002B04DB013DEDB2FF2D1ED02577D1
:1017A000D4E9023213440120A360F8BD22EA030207
:1017B0003B401343A27C2374072AE6D8511C2244E1
:1017C000A1740848D37401F0FBFAFF232377D4E90E
:1017D0000232677413440120A360F8BD014801F090
:1017E000EFFADCE7B400002010B50479082C09D822
:1017F000221D08490078D200FFF74CFD064B847784
:10180000436010BD054B064825221A6003F050F9CD
:1018100001F026FBE91701084517010854010020D3
:101820009C8C010870B51149054682B00078FFF71D
:1018300011FD2B79827F9A4204460ED96E46D5E976
:10184000021230461D1D05F0BBFB96E8030004EBB9
:10185000C50484E8030002B070BD054B054826228C
:101860001A6003F025F901F0FBFA00BFE91701083F
:1018700054010020B08C010838B5144905460078A1
:10188000FFF7E8FC044601F00FFA6B68A360A96853
:10189000E16000232A7CA374E376FE236274227441
:1018A0002377EB6863771B0607D401B938BD204660
:1018B0003021BDE8384001F009BB054B054827221F
:1018C0001A6003F0F5F801F0CBFA00BFE917010840
:1018D00054010020D88C010838B515490446007819
:1018E000FFF7B8FC2479C37E05462344C37606F08F
:1018F00083F9AB7CA34207D8FE230022AA742B777E
:10190000BDE8384006F07AB91B1BD8B205F11302C6
:1019100004F112032B44141813F8011F02F8011BE1
:10192000A242F9D1A874BDE8384006F067B900BFFB
:10193000E9170108F0B51A4885B001F049FA48B333
:10194000FF23184D184F8DF80F3029460DF10F0069
:10195000FFF7CCFC0446E8B1237FFF2BF5D106F05E
:101960004BF9A67CC6B1637F237706F047F938466A
:1019700003F0D0FA1334227A9DF80F100094334606
:1019800000F006F929460DF10F00FFF7AFFC044601
:101990000028E1D105B0F0BD06F030F9D5E700BF71
:1019A000B4000020E9170108FC8C0108704700BF53
:1019B00070B514799668651EA4B3814233D316F8C6
:1019C000012B042A20D810F8012B02F0600CBCF186
:1019D000600F03F1040E02F07F0408D164F01F04CD
:1019E00005E010F8012B02F07F0C4CEAC41412063B
:1019F000F7D41C60B5B1814215D316F8012B042A27
:101A000005F1FF357346DED9072A0CD1024612F8DC
:101A1000014B1019884206D89E464EF8084B5A6072
:101A2000002DEAD170BD024803F042F801F018FA27
:101A3000288D01082DE9F8438B78052B064694463E
:101A40001C4666D9053B821CD4180B88CF784D689C
:101A50007F2B00F28C80114603F07F0301F8013BDD
:101A6000002F53D08C42C0F08A802F4430E05CF8C5
:101A7000043B03F120027F2A22D903F58052B2F5FC
:101A8000804F18D303F50022B2F5001F0ED303F1E7
:101A90008062B2F1805F04D31A0F62F07F0201F816
:101AA000012B5A0D62F07F0201F8012B9A0B62F0B4
:101AB0007F0201F8012BDA0962F07F0201F8012BA5
:101AC00003F07F0301F8013BBD421FD08C4256D387
:101AD00015F8013B052B30D0C9D9063B012B4ED858
:101AE000E0460B4658F8082B611A914228BF114670
:101AF00003F8011B89460A461846DCF8041006F074
:101B00006DFFBD4200EB0901C446DFD1891BCC1C2F
:101B1000E3B21D4A337012787270E51E29463046D2
:101B200006F07EF9030A735526447E2306F8020C5C
:101B300006F8013C2046BDE8F8835CF8040B037806
:101B40004A1C6BB1944202D817E094420BD002F8C1
:101B5000013B10F8013F002BF7D1531A013BDBB2D8
:101B60000B701146B0E7631A013BDBB2F8E7DA0904
:101B700062F07F028270C21C6DE70023F0E7034829
:101B800002F096FF01F06CF904000020408D01087E
:101B90000FB430B5084D2C7883B0E4B23CB90123C2
:101BA00007A906982B70019105F0D2FF2C7003B0A5
:101BB000BDE8304004B07047B5000020014B002262
:101BC0001A707047B50000202DE9F04B804615468D
:101BD0000C4619B900202860BDE8F08B2F4E3778ED
:101BE000FA0711D40429F5D907787B1F3B2B05D8B8
:101BF00090F8019029F00F03102B1ED07E2F36D0C5
:101C0000337843F00107377022467E214046FFF7C4
:101C1000DFF850B3A0EB080007F0FE070130377083
:101C20002860BB071DD447F0020333701C48FFF740
:101C3000AFFF4FF0FF30BDE8F08BB942CAD3C319F4
:101C400013F8012C7E2AD9D1F91E13F802BC435C8B
:101C50004BEA032B06F0E4F883450DD098F80070AA
:101C6000CCE74FF0FF30BDE8F08B2C60D9E70123C3
:101C70002B604FF0FF30AFE70A4932780B782F60C6
:101C800022F002024B453270D0D1013303F00F0332
:101C900043F010030B7001209EE700BFB600002048
:101CA000688D0108040000202DE9F04B033900F194
:101CB0000209451882B0A94500AF30D2DFF8948000
:101CC00099F9002099F80040002A6E462BDB09F1B3
:101CD0000100ACB31D4B1B889C4231D208EB0412AF
:101CE000294693787A609B00073303F4FF63ADEBDA
:101CF000030DEB465B46FFF75BFE2401814601F0D6
:101D00006FF818B17A68D278D30715D5444405F036
:101D100083FFE26858469047B546A945D0D30837B7
:101D2000BD46BDE8F08B99F80120E40104F47E542F
:101D300009F102001443CCE701F070F8B546ECE776
:101D4000034802F0B5FE01F08BF800BFECA50108D6
:101D5000588D0108FCA001080148FFF719BF00BF1A
:101D6000688D010830B5D0E9004083B0FFF71EFE52
:101D7000054605F045FFE3B2012B0FD0022B10D032
:101D80002978C9B2019105F03FFF074803F0C2F876
:101D9000019903B0BDE83040FFF7FABE298889B247
:101DA000F0E72968EEE700BF708D010870B50446C2
:101DB000D0E90050FFF7FAFDA668044605F020FFC1
:101DC000EBB2012B07D0022B0BD0F6B22670BDE888
:101DD000704005F019BFB6B22680BDE8704005F02E
:101DE00013BF2660BDE8704005F00EBF10B5D0E906
:101DF000004082B0FFF7DAFD0190054803F08AF851
:101E0000019AE1B202B0BDE81040FFF7C1BE00BFC9
:101E1000848D0108704700BF30B50B4983B004467C
:101E200028220078FFF736FA6D4603466168A268FB
:101E300028461C4605F0C4F895E8030004F10C039D
:101E400083E8030003B030BD191E010838B500F166
:101E50000C03044693E8030005F0DAF894F82450E4
:101E600088B1ED4305F001058DB994F82630013BAA
:101E700013F0FF0315D0A268A16984F826300A4444
:101E8000A260012038BD05F00105002DEDD0084904
:101E9000E26994F8253084F82630C4E90112012063
:101EA00038BD206A94F8271002F056FC284638BD49
:101EB000B51E010800F10C0310B5044693E80300B9
:101EC00005F0A6F8A36862691A4494F8243030B18A
:101ED000DB4303F0010333B1A260012010BD03F026
:101EE0000103002BF8D1044BE26163602046BDE89A
:101EF0001040FFF7ABBF00BF4D1E010870B51B4976
:101F000005460078FFF7A6F9044600F0CDFE6B68A1
:101F1000A360AB68A3612B7B84F825302BB9144AEE
:101F200084F824301370236270BD03F0FBFD2A692E
:101F300094F8253084F8263062616A690C4B002AD7
:101F400014BF0322022284F824200A4A287E6260F9
:101F500001261E7002F02CFCEB6984F82730206209
:101F600031462046BDE8704000F0B0BF191E0108A0
:101F7000B7000020B51E01082DE9F041134E1449A9
:101F800001233370077884B03846FFF763F90446BD
:101F900005F032FEE36994F82480039305F02EFEE9
:101FA0000C4802F0B7FF0C34054694E8030005F036
:101FB0002FF8039B0090C8F3400239462846FFF7EC
:101FC000E7FD0023337004B0BDE8F081B7000020C6
:101FD000191E0108948D010810B50A490078FFF711
:101FE00039F9044600F060FE074A94F8251084F899
:101FF0002610002384F8243013702362BDE81040BB
:1020000003F090BD191E0108B700002030B5D0E9DB
:10201000011283B0003A04466D4618BF01222846DB
:1020200004F042FF0F4920783422FFF733F90346CA
:1020300095E8030003F1180282E80300D4E90221C5
:10204000003A18BF012209B142F0100283F8302093
:1020500022691A620C2103F1280003B0BDE8304068
:10206000FFF7BAB80D2001082DE9F84300F1280860
:1020700004464046FFF790F8002840F0A080404614
:10208000FFF7A0F885682E1E18BF012604F118037B
:102090000746324693E8030004F052FF3846FFF744
:1020A00059F8C5B1636AAB4215D9276A002F68D1C8
:1020B000404646F00206FFF76FF8002800F08780E0
:1020C00094F83030676103F010033343A66884F856
:1020D00030302E4426E094F83030B5FA85F283F0A3
:1020E0001003C3F3001352099A4225D0276A1FB385
:1020F000A168404646F004060F44FFF74DF800285B
:1021000048D094F83030676103F01003334384F80B
:102110003030B30726D5A6682E443946304605F040
:10212000B1FDF8B1636A2B4A5B1BC4E90126C4E91F
:1021300003530120BDE8F8834046FFF72DF8A8B906
:1021400081464046FFF72EF8476894F830206761D3
:1021500046F0040602F01002164384F83060B9F12C
:10216000000FD8D1A7600120BDE8F88394F8303083
:1021700003F010033343002084F830306061BDE881
:10218000F883A168404646F006060F44FFF704F8BE
:102190000028B6D14046FFF705F8034638465F6889
:1021A000394605F06FFD06F002090028CDD00A4B34
:1021B0000A481E221A6002F07BFC00F051FE064B1A
:1021C00007481D221A6002F073FC00F049FE4FF030
:1021D0000209B6E7E521010854010020FC8D010841
:1021E000D08D010838B5044600F1180393E80300C8
:1021F00004F08AFE94F83030A56883F00103DA0712
:102200004CBFE268226984F830305B07154402D481
:10221000A560012038BD6169284605F033FD00281E
:10222000F6D1034B65696360A560012038BD00BF2E
:102230006920010838B50D4905460078FFF70AF80E
:10224000044605F0D9FC04F12800FEF7A5FF28B1EB
:102250006B686362BDE8384005F0D0BC044B0548AC
:102260001F221A6002F024FC00F0FAFD0D20010884
:1022700054010020348E0108F8B521490646007843
:10228000FEF7E8FF0446FEF76DFF77684760B36826
:102290008360054605F0B0FC04F128012846FEF7EE
:1022A00083FFA0B194F830506A071ED445F00403B0
:1022B00084F83030AB0767610DD4204600F0F4FCA1
:1022C000104B0F21C4E90137204600F0FFFDBDE8A7
:1022D000F84005F093BCA068394605F0D3FC00280F
:1022E000EBD0BDE8F84005F089BC6069394605F0DF
:1022F000C9FC0028DAD0044802F0DAFB00F0B0FD97
:102300000D20010869200108FC8D0108F0B585B099
:10231000D0E90075866805F0B9FC044641F28830C2
:1023200005F0ACFC04442146284605F0ABFC00282F
:1023300018BF254601A8CDE901750396FFF79CFF5C
:1023400005B0F0BDF8B5244905460078FEF782FFD8
:10235000044600F0A9FC04F12800FEF71DFF90B32D
:102360002E7994F83050371E18BF012704F1180356
:1023700093E803003A4604F0E3FD85F01001B6FA55
:1023800086F35B09C1F300118B4201D0236A2BB99C
:1023900005F010053D4384F83050F8BD05F076FC9B
:1023A00005F01005236A3D43184445F004050B4B26
:1023B00084F83050C4E9013060610E212046BDE848
:1023C000F84000F083BD064B064821221A6002F057
:1023D0006FFB00F045FD00BF0D20010869200108DA
:1023E000540100206C8E010830B583B0FF23124DDC
:1023F0008DF8073013E094F8302093E8030002F0E2
:10240000100204F09DFD94F8303013F0100318BF53
:10241000112304F1280084F83030FEF7D9FE294654
:102420000DF10700FEF762FF044600F118030028D3
:10243000E1D103B030BD00BF0D20010800B5034657
:1024400083B0D3E90012684604F02EFD03B05DF8B6
:1024500004FB00BF024900781022FEF71BBF00BF3B
:10246000552401080149FEF7F5BE00BF55240108B7
:1024700030B5C3680D4985B0044603F07F0300788A
:102480000193FEF7E7FE02ADD4E901120446019B79
:10249000284604F025FF95E80300237B43F0020360
:1024A00084E80300237305B030BD00BF5524010844
:1024B000037B816043F001030373704770B50E49DD
:1024C00004460078FEF7C6FE0546A0682479FFF7AB
:1024D0006DFA2A7BD207034606D5A86821461A461C
:1024E000BDE8704003F0E2B895E803002246BDE87D
:1024F000704004F075BF00BF552401082DE9F0437A
:1025000083B006781949044602AF3046FEF7A2FEB2
:102510000546A06894F80480FFF748FA247BE21D82
:1025200002F4FC72ADEB020D2A7BD20703460DF1DB
:10253000080913D5A868CDF800901A4641462346ED
:1025400003F0CAF80A4802F0E5FC4B462246314641
:10255000FFF71EFB0437BD46BDE8F083CDE9004917
:10256000424695E8030004F06BFFEBE755240108B1
:102570009C8E01082DE9F04B84B005463A4900785D
:1025800002AFFEF767FE8046A8682C79FFF70EFAC7
:10259000EE68F20762D4C6F34706386004EB060B18
:1025A0002869FFF703FA0BF1070298F80C307B60FB
:1025B00022F007023B68ADEB020D0DF10809194648
:1025C00005462246484606F009FA7B6813F00103E7
:1025D0007B603B682AD109EB04020192009698E8DF
:1025E0000300224604F02CFF6EB3013E2E44013C52
:1025F0004C44013D314615F8012F14F8013F23EA00
:102600000203237016F8012F8D4243EA0203237060
:10261000F1D17B68BBB1D8F808004A465FFA8BF16C
:1026200003F044F80837BD46BDE8F08B1A4609EBC5
:102630000403D8F8080000932146334603F04CF811
:10264000002ED2D1E7E798E803004B465FFA8BF201
:1026500004F0C6FE0837BD46BDE8F08B034802F023
:1026600027FA00F0FDFB00BF55240108C48E0108C5
:1026700070B50A4B1E68002E82B00CDD084D002498
:102680002A7955F8081B684602F00102013404F06B
:102690000BFCB442F4D102B070BD00BFD0A601085B
:1026A000D0A6010870B582B004466D46416800228C
:1026B000284604F0F9FBA3689EB21B0412D406F16D
:1026C00018020C49207892B2FEF7E4FD034695E823
:1026D000030083E80300D4E903129E8299601A6123
:1026E00002B070BD044B05481A221A6002F0E0F9EE
:1026F00000F0B6FBA526010854010020EC8E01086D
:1027000070B5114904460078FEF7A4FD0346D4E9EC
:10271000026065681C46FFF749F92B0401460AD49C
:10272000A28AAB19934206D8163532466019BDE825
:10273000704006F053B9054B05481B221A6002F0A1
:10274000B7F900F08DFB00BFA52601085401002059
:10275000088F01082DE9F04B2DED028B03786249BB
:1027600088B0184608EE103AFEF774FDD0E903541D
:10277000059005F08BFA401B844206D905F04CFA0F
:1027800005F084FA401B8442F8D8059D95E80300C3
:1027900005F11602AF8A039706AE86E8030004929D
:1027A000029205F073FAAB6801930446002F50D0F3
:1027B000DFF84891029B13F8017B02934FF0080861
:1027C0003B064A484BD505F059FAA9FB0035AD0C3C
:1027D00005F05CFA001B8542FAD805F00DFA05F009
:1027E00055FA054696E8030004F08EFB05F006FA5C
:1027F000019B2C1BA3425FD93D4805F03FFAA9FB82
:1028000000347F00A40C05F041FA401B8442FAD842
:1028100005F0F2F996E8030004F076FB05F0EEF916
:1028200005F034FA8346334805F028FAA9FB003452
:10283000A40C05F02BFAA0EB0B008442F9D82C462F
:10284000B8F10108BCD1DDE903231344029A9A428E
:10285000B0D105F01BFA059B0122D86036E005F0E7
:102860000DFAA9FB0035AD0C05F010FA001B8542EE
:10287000FAD805F0C1F905F009FA834696E8030095
:1028800004F042FB1B4805F0F9F9A9FB0035AD0C3B
:1028900005F0FCF9A0EB0B008542F9D896E803009F
:1028A00004F032FB05F0AAF9019BABEB0404A34250
:1028B00002D97F005C46C3E7002296E8030004F0DB
:1028C0003FFB05F0E3F9059B0022D8600A4801921E
:1028D00002F020FB019A18EE101A08B0BDEC028B32
:1028E000BDE8F04BFFF754B9A5260108D01213003C
:1028F00010EB0900400D0300288F010883DE1B4305
:1029000030B50C4983B004462C220078FEF7C2FC97
:102910006D4603466168A26828461C4604F050FBD9
:1029200095E80300044A04F1240383E8030062608D
:1029300003B030BD012901083D29010870B5836944
:10294000044600F1240292E8030003F00105A668A2
:1029500004F05EFB854203D0A369E6610133A36105
:102960006069314605F08EF928B9D4E90232134482
:102970000120A36070BD94F82020236907483344E8
:1029800042F0010284F82020636100F019FAD4E9D2
:10299000023213440120A36070BD00BFB8000020C4
:1029A00038B50A4905460078FEF754FC044600F0A5
:1029B0007BF96B68A360AA68E260EA682046C4E914
:1029C00004233821BDE8384000F080BA012901080D
:1029D00070B51C4886B000F0FBF980B3FF231A4D98
:1029E0001A4E8DF8173029460DF11700FEF77EFCC0
:1029F000044620B394F82030DB07F4D505F0FCF84A
:102A000094F82010A268A369039221F0010184F8D0
:102A100020100293E46905F0F1F8304602F07AFAEA
:102A2000DDE902329DF817100094FFF7B1F829464E
:102A30000DF11700FEF75AFC04460028DAD106B063
:102A400070BD00BFB8000020012901084C8F0108AB
:102A500038B5027B81680446007904F0F7FA094929
:102A6000054620222078FEF715FCD4E90412064B17
:102A7000C560818243600261BDE838400C21183096
:102A8000FEF7AABB512A01088D2A0108F8B500F10A
:102A9000180604463046FEF795FB07890546394679
:102AA000E06804F0B5FB2846FEF754FB3046FEF71D
:102AB00073FB60B1A38ABB4224D0206900B9F8BD82
:102AC000A368114A1844C4E901200120F8BD30462A
:102AD000FEF768FBA38A4568BB4201D0236913B99E
:102AE000A5600120F8BDA0682946184405F0CAF881
:102AF0000028F5D0054B064818221A6001F0D8FFCF
:102B000000F0AEF90020F8BD152B0108540100209B
:102B1000888F010808B5044B044817221A6001F099
:102B2000C7FF00F09DF900BF54010020B88F0108D5
:102B300070B51C4905460078FEF78CFB0646FEF78B
:102B400011FB6B684360AB680381044605F054F8E1
:102B500006F118012046FEF727FB054605F04EF862
:102B600005B970BD304600F09FF80F4B72689A426D
:102B700009D063680D4A3046C6E901232D21BDE81E
:102B8000704000F0A3B96168B06805F07BF80028D8
:102B9000EFD0074B074819221A6001F089FF00F0B7
:102BA0005FF900BF512A0108152B01088D2A010881
:102BB00054010020888F010870B582B0FF230C4DAE
:102BC0000C4E8DF8073008E0E068A18A04F020FB85
:102BD000666004F11800FEF7FBFA29460DF10700C4
:102BE000FEF784FB04460028EED102B070BD00BFA2
:102BF000512A01088D2A0108027A4168007804F000
:102C000025BA00BF00207047084B094810B50022C4
:102C10001A7205F033F8074A0749946803462344BB
:102C200003F10044012093608C6010BD0800002077
:102C3000A0860100200000202C00002010B50446D2
:102C400003F070F80C4B1B78012B09D04FF47A700D
:102C500005F014F8A368024613440120A36010BDD8
:102C6000064A11780029F1D1054906481370064B30
:102C7000096801601960E9E790010020D000002098
:102C800078010020840100206C01002010B504466A
:102C900003F0E0F9642004F0F1FFA3680246134456
:102CA0000120A36010BD00BF10B5044604F0A8FFCA
:102CB0000E490B68A34202D111E0A3420CD01A4680
:102CC0001B68002BF9D14B68A34204BF084B4B6033
:102CD000BDE8104004F098BF23681360F3E7054B8C
:102CE000A2689A6022681A600B60ECE70800002076
:102CF00020000020140000202DE9F8431C4F3E68FE
:102D0000736830463BBB01F0EFF8B568336838B301
:102D10009968284604F0B6FF10B12846BDE8F8834C
:102D20007C683368A168D3F808903B60284604F0BB
:102D3000A9FF00B13C68A04624682846A16804F0B9
:102D4000A1FF0028F7D04D4634607E60C8F80060CF
:102D50002846BDE8F8839847B56833680028D7D17E
:102D60007A689D683B60B242D7D17B60D5E700BFEF
:102D700008000020074B084A0849094810B49C681D
:102D800094605DF8044B0A604B601360186004F0B7
:102D900083BF00BF20000020140000200800002096
:102DA0002C000020014B00221A72704708000020FE
:102DB000024B187AC043C0F3C010704708000020CF
:102DC000024B00221A720123037070470800002092
:102DD00003780246D8B210B1002313700120704767
:102DE000024B587A003818BF0120704708000020B5
:102DF00010B5064802F08EF8054B064A06491B68D6
:102E000012680978BDE81040FEF7C2BEE48F0108E1
:102E1000C0000020BC0000203001002008B50A4896
:102E200002F078F8094B0A4A0A491B6809781268C7
:102E3000FEF7AEFE084802F06DF8084B997ABDE83F
:102E40000840FEF7A5BE00BFE48F0108C0000020C7
:102E5000BC0000203001002018900108080000206C
:102E600000B583B0019004F0C7FE01990148FEF758
:102E700005F800BFD400002008B5024801F018FE94
:102E8000FFF7EEFF3C90010808B5084A537A23B1DA
:102E9000022B1CBF0023537208BD054B05481622A8
:102EA0001A6001F005FEFFF7DBFF00BF08000020FD
:102EB000540100205490010808B5034B5B7A03B11C
:102EC00008BDFFF7CDFF00BF080000202DE9F04B43
:102ED000DFF8949085680E46074604F091FED9F815
:102EE00000408046A168284604F0CCFE70B9264612
:102EF00024682846A16804F0C5FE0028F7D03C608D
:102F000037604046BDE8F04B04F07EBE04F0BEFEE4
:102F100083460146284604F0B5FE58B90D4BC9F862
:102F200000309C4208BF24683C609D601F6004F034
:102F3000B3FEE6E7084B09481D60094BC3F800B033
:102F4000084B1E7001F0B4FD99F80930002BE5D153
:102F5000FFF786FF14000020C000002078900108D1
:102F6000BC000020300100200800002038B50A4DC8
:102F70000A4B6B6004F08AFE04464FF47A7004F04A
:102F80007DFE00230444AC6028462B606221BDE82E
:102F90003840FFF79BBF00BF340100203D2C0108E3
:102FA00038B5094D094B6B6004F070FE044664208F
:102FB00004F064FE00230444AC6028462B606021CA
:102FC000BDE83840FFF782BFC40000208D2C010807
:102FD00070B582B001F00EFD02F014F902F07AFE35
:102FE00002F030FEFFF7C2FFFFF7DAFF03F084FACA
:102FF000314801F08FFFFEF7CBFD04F0FDFD2F48B7
:10300000FDF736FF0446002836D104F0F7FD04F042
:103010003DFE2B4C2B4D20601CE0FF232B7204F057
:10302000F7FD95F90830002BF9D104F0E7FD04F025
:103030002DFE23681844206001232B7201F002FD4D
:1030400004F024FE064631462068FEF72FFA26607B
:1030500003F0AEFD04F0E0FD95F90830002BEBD055
:1030600004F014FE2368181A206004F0C5FD95F9D9
:103070000830002BD9D0D0E704F0BEFD04F006FEE6
:10308000104B5A7A014602B99C720E4C01910223F0
:103090006372FFF76FFE01F0BBFC0123637204F063
:1030A000ADFDFFF7A5FE084801F034FFA27A0199B3
:1030B000FEF76EFDA9E700BF88900108D40000204C
:1030C00040010020080000209490010838B507490D
:1030D000054650220078FEF7DDF80446044B2879B7
:1030E000636000F0ADFC206138BD00BFCD30010849
:1030F000F530010808B5034604481A7D42F0010284
:103100001A75FFF75DFE002008BD00BF44010020D6
:1031100070B5104905460078FEF79CF80446002675
:10312000FFF7C2FD26756B6803B970BDE36004F15B
:10313000160002F08DFC04F05FFD04F0A7FDE368CB
:103140001844A06031462046FFF7C0FEBDE870403D
:1031500004F054BDCD300108F0B5134985B00646E2
:103160000078FEF777F8B9230546ADF80C3004F087
:103170008DFD012103AB02220746286900F0B6FC51
:1031800004F084FD9DF80D1021F08001202909D85C
:1031900001EB8104C31B317800943A4605F1160017
:1031A00002F074FC05B0F0BDCD3001082DE9F0430C
:1031B000534885B0FFF70CFE88B1FF23514D524EA6
:1031C0004F4F8DF8033002E0237DDB070AD42946F8
:1031D0000DF10300FEF78AF804460028F4D105B08B
:1031E000BDE8F08396E807000DF1040C6346ACE8F7
:1031F00003008CF8002020699DF80380092201213A
:1032000000F074FCA27E9DF8061002F11B0311F081
:10321000F000234425D0F02823D0A118FF221A71F2
:10322000DA709A705A70CA76A37E0533DBB22E2B01
:10323000A37604D9414604F1160002F00FFC237D69
:1032400023F00103237504F0D7FC04F01FFDE368AD
:103250001844A06000212046FFF738FE04F0CEFCA1
:10326000B5E79DF808C01CF0F00001D0F028D4D1DB
:103270009DF80A0010F0F00E34D19DF80BE0BEF17D
:10328000900FCAD19DF80C9029F08009B9F1200F58
:10329000C3D801F01F0141EA40118000224400F030
:1032A00060000CF01F0C9DF805E082F81BE040EA7E
:1032B0000C0C9DF8070058709DF809209A70D97081
:1032C00083F804C0A37E0533DBB22E2BA3760DD882
:1032D000B9F11E0F10D9238B013323833846FFF732
:1032E0006FFD74E7BEF1F00F97D1C6E7414604F1D8
:1032F000160002F0B3FBEBE7B9F1010F9FD9EDE740
:1033000044010020CD300108548A010870B5067AC6
:10331000032E044610D8104900785022FDF7BAFF5A
:1033200005460E4B20796B6000F08AFB286100F0A7
:10333000D1FB48B16E7570BD094B0A4814221A6062
:1033400001F0B6FBFFF78CFD054B074815221A600C
:1033500001F0AEFBFFF784FD0D3301086D3301086A
:1033600054010020BC900108D890010810B5037DDD
:103370005A0704460BD5C37D0133C3750648FFF7D2
:103380001FFDD4E9023213440120A36010BD43F0B5
:1033900004030375F2E700BF4801002010B4847DE8
:1033A000521A34B104F1FF3C012101FA0CF10A4434
:1033B000E240FE2A0AD8017F4418033162771A0AD4
:1033C000A377E2775DF8044B01777047037FC2185B
:1033D00001219177FF2400215477D17703335DF8E1
:1033E000044B0377704700BF38B50E490446007898
:1033F000FDF730FF0546FFF757FC00232B75A36848
:1034000003B938BD6368AB60A368EB6005F11800D1
:1034100002F01EFBE368AB7528464A21BDE8384040
:10342000FFF754BD0D3301082DE9F04390F80080FB
:103430003249054685B04046FDF70CFF0446A868B2
:103440002F79FEF7B3FA94F81590B9F1020F0546FB
:1034500023D004F01BFC03463A46206901211C4698
:103460002B4600F043FB04F011FC0646322004F02A
:1034700005FC331B834288BF0027B9F1010F18BF39
:1034800026461F4801F046FD00953B463246414620
:10349000FEF77EFB05B0BDE8F0830DF10809216958
:1034A000484600F01BFB99E80300002203F048FDAA
:1034B00004F0ECFB0646012004F0E0FB064401E0CA
:1034C00004F0AAFB04F0E2FB0146304604F0DAFB0C
:1034D0000028F5D004F090FB99E80300012203F0E6
:1034E0002FFD04F0D3FB064604F088FB20692B4631
:1034F0003A46012100F0FAFAC3E700BF0D33010894
:10350000F89001082DE9F04BC44888B0FFF760FC43
:10351000002856D0FF23C24E8DF80B3000253146CF
:103520000DF10B00FDF7E2FE0446002849D0237D93
:103530005F07F4D504F060FB94F817B02575E575C6
:10354000D4F8088004F05AFBE768A8EB070301935E
:10355000BBF1000F19D04FF0FF0902E0BBF1010BE6
:1035600013D0237FE1180333DBB2302B81F81D9099
:103570008D77CD772377F1D99DF80B1004F11800E2
:1035800002F06CFABBF1010BEBD194F815B0BBF172
:10359000000F19D0BBF1010F57D0BBF1020F76D04D
:1035A000237F302BBBD904F118009DF80B1002F0DB
:1035B00055FA31460DF10B00FDF798FE0446002840
:1035C000B5D108B0BDE8F08B4FF03208ADF81480EB
:1035D00004F05CFB05AB022201210746206900F0E4
:1035E00085FA04F053FB03464046A3EB070804F0BA
:1035F00045FB80450BD9237FE218FF210333517728
:10360000DBB2022182F81FB091772377C9E79DF9D9
:1036100014209DF81430002A0BDA237FE218FF21D2
:1036200003335177DBB2032182F81FB09177237700
:10363000B7E79DF8150001995B0243EA40033A465B
:103640002046FFF7ABFE237FABE74FF67F63ADF875
:10365000143004F01BFB05AB0222002180462069D8
:1036600000F044FA04F012FBA0EB080807463220F1
:1036700004F004FB804573D9237FE218FF21033354
:103680005177DBB20221D5779177237789E70DF166
:103690000C0B2169584600F021FA9BE80300002238
:1036A00003F04EFC04F0F2FA8146012004F0E6FA41
:1036B000814401E004F0B0FA04F0E8FA014648461B
:1036C00004F0E0FA0028F5D004F096FA9BE8030035
:1036D000012203F035FC04F0D9FA814604F08EFA99
:1036E00042F284330593ADF81C50069520690A22F6
:1036F000012105AB00F0FAF90DF115010DF11B00E8
:10370000052211F8013F4FF0080B5A40530012F008
:10371000800F08BF520083F01D0314BFDAB2D2B28B
:10372000BBF1010BF2D18842EBD1D3439DF81D20B0
:10373000DBB29A427FF471AF9DF81C30DB0641D5B5
:103740009DF91630002B53DB237FE218FF21033352
:103750005177DBB2042182F81FB09177237720E7FD
:10376000C0228DF814208DF8155005AB5946022261
:10377000206900F0BBF99DF814309DF8151083EA1C
:10378000010282EA121282EA920282EA520212F0E4
:1037900001020CD1580621D5237FE1180333CA77E3
:1037A000FF20DBB2052248778A772377F9E6237F6B
:1037B000E218FF2103335177DBB20321D5779177EC
:1037C0002377EEE6237FE218FF2103335177DBB244
:1037D000052182F81FB091772377E2E6890041EA5C
:1037E00083233A4601992046FFF7D8FD237FD8E688
:1037F00040F2555004F042FAA7EB0807B94481455E
:1038000010D9237FE218FF2103335177DBB2012166
:1038100082F81FB091772377C3E600BF48010020EC
:103820000D3301089DF817209DF816309DF81A00F9
:10383000520042EA4322237FE11803338A77C0F320
:103840004500DBB2120A4877CA772377A9E600BFA2
:103850002DE9F04190F81080B8F1030F84B00546CF
:1038600031D8007800F0ECF807461C20FDF74EFC3C
:1038700002AE044669683046012203F0A1FB96E8D7
:10388000030084E803006E46A9683046002203F076
:103890000BFB96E8030004F1080383E80300002211
:1038A000E968304603F000FB96E8030004F11003DA
:1038B00083E803002146384684F8188004B0BDE848
:1038C000F04100F0F1B8044B044813221A6001F0F3
:1038D000EFF8FFF7C5FA00BF54010020349101084A
:1038E000027E00F1100393E8030002F0020203F0ED
:1038F00027BB00BF2DE9F04B82B0541E0746009154
:10390000E4B2002A4DD003F1FF392344019300F1C2
:10391000100600F1080819F8015F4FF0080B0024A9
:103920001AE096E8030003F0F9FA05F0800298E83F
:10393000030003F005FB96E8030003F0EFFA97E8B5
:10394000030003F065FB6400E4B26D000443BBF1C7
:10395000010BEDB2E4B21DD03B7EDB0705F0800227
:10396000DFD498E8030003F0EBFA96E8030003F0D5
:10397000D5FA97E8030003F04BFB6400E4B204437C
:1039800096E8030003F0CAFA6D00BBF1010BEDB23B
:10399000E4B2E1D1009B0BB189F80040019B4B459B
:1039A000B9D102B0BDE8F08B70B5044682B00F49C2
:1039B00000781422FDF76EFCA66861686D46B6FAC1
:1039C00086F252090446284603F06EFA95E8030091
:1039D00004F1080383E80300002E94F9103014BFAB
:1039E000092201221343237402B070BDA9390108D2
:1039F000F8B50D4904460079FDF72CFC267A0B49F1
:103A000006F1080207462078FDF744FC05460671DA
:103A1000E0682F60FDF7CAFF32460146681DBDE829
:103A2000F84004F0DBBF00BFA9390108F1390108F3
:103A3000024900781422FDF72DBC00BFA939010806
:103A40000149FDF707BC00BFA939010870B505465B
:103A50001249007882B0FDF7FDFB2A7A032A04465A
:103A600013D8037C13F0060F0FD16E46EB6869681C
:103A7000304603F047FD96E80300237C43F004033F
:103A800084E80300237402B070BD054B0548112281
:103A90001A6001F00DF8FFF7E3F900BFA93901083A
:103AA000540100203491010808B5037C13F0060F7F
:103AB00004D143F002030374016008BD034B0448C2
:103AC00012221A6000F0F4FFFFF7CAF95401002037
:103AD00034910108007C00F0010070470831034672
:103AE00003C983E803001846704700BF2DE9F0437F
:103AF000057C15F0060F83B004460E46174699461E
:103B00001DD0A9070DD50068FFF7EAFEEA0735D4F6
:103B100020684B463A46314603B0BDE8F043FFF714
:103B2000E9BED0E9000103F03FFDEB070AD494E8B9
:103B300003003B46CDF80090324603F047FD03B04A
:103B4000BDE8F08304F10808C5F3C00298E803005B
:103B500003F0F6F9CDF8009094E803003B463246B6
:103B6000ED0803F033FD98E8030085F0010202F050
:103B7000010203B0BDE8F04303F0E2B904F1080824
:103B800098E80300C5F3C00203F0DAF920684B4659
:103B90003A463146ED08FFF7ADFEE4E770B506782A
:103BA0000F4982B004463046FDF754FB0346D4E982
:103BB00001501C46FDF7FAFEEAB2034601212046F9
:103BC000CDE90023FFF792FF064801F0A3F9DDE9F4
:103BD0000023314602B0BDE87040FDF7D9BF00BFF9
:103BE000A93901084891010830B50A4983B0044653
:103BF0000078FDF72FFB227901920546A068FDF7BA
:103C0000D5FE019A03460021284603B0BDE83040A6
:103C1000FFF76CBFA939010810B582B0FF23154C1E
:103C20008DF8073002E0027CD3071AD421460DF14B
:103C30000700FDF75BFB0028F5D1FF230E4C8DF844
:103C4000073003E002790068FFF750FF21460DF1CD
:103C50000700FDF74BFB0021431D0028F2D102B005
:103C600010BD82F00802083003C8C2F3C00203F09E
:103C700067F9DBE7A9390108F139010838B500F126
:103C8000340504462846FDF787FA10B1002060612C
:103C900038BD2846FDF796FAB0F90830426823820D
:103CA0001344E36094F84430D90605460FD5A16863
:103CB000438963610A44A2602A7BD20711D4226B34
:103CC000134423632846FDF745FA012038BDA16956
:103CD00043890A44A261A2605A0062612A7BD2072A
:103CE000EDD5216B04F128025B1A236392E80300EF
:103CF00003F00AF9E6E700BF70B500F120030446BF
:103D000093E8030003F000F903F0C0FF6369E16981
:103D1000013BDA07636100EB010503D5A5600126CD
:103D2000304670BD83B1E268A069B4F91030104428
:103D30001344A061E360294603F0A4FF0028EDD1FD
:103D4000A369A3600126EBE72046FFF797FF06462D
:103D50000028E5D0A068294603F094FF0028DFD0B2
:103D6000A3684FF47A705E1B03F088FF4042B042B4
:103D7000D4DD044B04480E221A6000F099FEFFF7D0
:103D80006FF800BF54010020749101082DE9F04143
:103D900005463249007882B04822FDF77BFAEF6889
:103DA000002F044627DD04226E4680F8442069680F
:103DB000304603F079F896E8030004F1200383E825
:103DC00003000022A968304603F06EF896E803006D
:103DD00004F1280383E803004FF0404323632B6979
:103DE000E361102104F13400FDF7F6F91C4B636028
:103DF00002B0BDE8F0814FF000086E4680F84480C4
:103E000069684246304603F04FF896E8030004F133
:103E1000200383E803004246A968304603F044F8D3
:103E200096E8030004F1280383E803004FF04043C1
:103E300023632B69E361102104F13400FDF7CCF911
:103E4000E369002BD2D1002FD0D094F8443043F056
:103E5000100384F8443002B0BDE8F0818D3D0108C4
:103E6000F93C010838B50446A0F13C052846FEF7A8
:103E70001BFF237A54F80C1C002244F8342C44F81D
:103E8000242C54F8282CD8064CBF891AA1EB5201D7
:103E900003F01403002943F00803C8BF494200227D
:103EA000237205F1280344F80C1C44F8282C93E8ED
:103EB000030003F045F8227AD3060DD5083C03E051
:103EC000FDF780F9FDF746F92046FDF765F9034651
:103ED0002046002BF4D038BD203595E8030002F0D1
:103EE000040203F02DF8E9E700F1200310B50446C1
:103EF00093E8030003F008F86369013B0AD0D4E9B2
:103F00000210B4F91020636101440244C4E90212B2
:103F1000012010BD2046BDE81040FFF7AFBE00BF36
:103F200070B5294905460078FDF794F90646FDF776
:103F300019F96B6843602B8943810446002B3BD001
:103F4000EA6802810023037303F056FE96F84430BA
:103F500003F00101C3F34002914205D0227B42F0FD
:103F6000010283F0010322737269D2B91A0711D4D6
:103F700006F1340186F844302046FDF715F9304645
:103F8000FFF77CFE30461621FEF7A0FFBDE870402B
:103F900003F034BE2046FDF7DDF8BDE8704003F0C5
:103FA0002DBE86F8443006F134012046FDF7FCF8BA
:103FB000BDE8704003F022BE044B05480F221A6092
:103FC00000F076FDFEF74CFF8D3D01085401002006
:103FD0008C91010838B50C4904460078FDF73AF990
:103FE00063680446002B14BF0225002503F004FE7D
:103FF00094F8443023F002031D4384F84450BDE894
:10400000384003F0FBBD00BF8D3D010838B50F49B6
:1040100005460078FDF71EF904466D6803F0ECFDD7
:1040200063695BB994F84430A56023F00803A56187
:1040300084F84430BDE8384003F0E0BD044B054847
:1040400010221A6000F034FDFEF70AFF8D3D0108D2
:1040500054010020A491010870B506780F4930463C
:10406000FDF7F8F8054603F0C7FD95F844302C6BD2
:104070006A69DB064CBFA41AA4EB520403F0BEFD30
:10408000002CB8BF6442064800F044FF04F14042EF
:104090003146BDE87040FDF77BBD00BF8D3D010896
:1040A000CC91010838B5084904460078FDF7D2F8EC
:1040B0000546207900F07CFB05F13C01034ABDE890
:1040C000384000F07BBB00BF8D3D0108653E010814
:1040D00030B583B0FF230B4D8DF8073006E0FDF7B8
:1040E00077F8002104F13C00FFF7BCFE29460DF1F2
:1040F0000700FDF7FBF804463430002CEFD103B085
:1041000030BD00BF8D3D010810B504460648FEF7DE
:1041100057FED4E90231627F42F001020B4462771C
:10412000A360012010BD00BF4C01002010B5047A2F
:10413000032C08D8084900782022FDF7ABF8074B7C
:104140000477436010BD064B064803221A6000F056
:10415000AFFCFEF785FE00BF2D41010809410108B3
:1041600054010020EC91010838B50D49044600784F
:10417000FDF770F80B4B054600221A70FEF794FD10
:104180006368AB60A368EB6003B938BDE3682B617B
:1041900023696B6128464421BDE83840FEF796BE8E
:1041A0002D410108490100202DE9F04B3D4886B022
:1041B000FEF70EFE002849D0FF233B4D3B4FDFF8B2
:1041C000F0808DF81330002629460DF11300FDF71D
:1041D0008DF80446002839D0637FDA07F4D503F060
:1041E0000BFD637FD4F8089023F00103637703F09D
:1041F00005FD237F032BE7D8DFE803F046392B02C8
:10420000A0699DF813B0ADF8146005AB022201213E
:10421000FFF76CFCBDF8144064BAA4B2384600F055
:1042200079FE23464A4659460096FDF7B1FC6307DE
:10423000CAD5404600F03CFCFEF73EFE29460DF193
:104240001300FDF753F804460028C5D106B0BDE8B9
:10425000F08B9DF813100391384600F05BFE039934
:1042600000964A4644F22C03FDF792FCACE79DF819
:1042700013100391384600F04DFE039900964A460C
:104280000023FDF785FC9FE79DF813100391384646
:1042900000F040FE039900964A464FF0A073FDF7E8
:1042A00077FC91E74C0100202D4101080C92010898
:1042B000489201082DE9F043044685B01A49007878
:1042C0003422FCF7E7FF94F80890D4F80480E768FC
:1042D000B9F1000202AE054618BF01224146304640
:1042E00002F06EFE96E8030005F114036E4683E8C3
:1042F000030001223946304602F0D6FD96E803005D
:1043000005F10C0383E80300B9F1000F08BF012396
:1043100022692A6218BF1123B84508BF43F0200361
:104320002B7705B0BDE8F083B542010838B50446E7
:1043300000F10C0393E8030002F0E6FD637F94F8BC
:104340001CC094F81FE0656A0133DBB28CF0010CED
:10435000734584F81CC00CF0010C29D204EBD30285
:1043600003F0070192F828200A4102F00102944567
:10437000294607D016E092F82820024102F00102F7
:1043800094450FD10133DBB2734504EBD30203F044
:1043900007002944EFD3A368064A0B44C4E901236C
:1043A000012038BDA26863770A44A260012038BDAD
:1043B0002946F0E72144010800F10C0310B504463A
:1043C00093E8030002F0A0FD03F060FC637F227F0E
:1043D0000133DBB282F00102012B2277637719D01F
:1043E000042B05D8A268236A1344A360012010BDE2
:1043F000A368626A1A44801A811C226A48BF411D60
:1044000002EBA1011844054A61620844C4E9012095
:10441000012010BDA268801A6062E4E72D43010804
:1044200010B5837F0446B3B1027F93060AD4A36814
:10443000606A164A002103EB80036177C4E9012317
:10444000012010BD00F1140393E8030002F01002F4
:1044500002F082FDEBE7037F13F0200F00F10C0365
:1044600093E803004FF001020CD102F069FD237FB5
:10447000074803F0300343F009032377FEF7A0FC5D
:10448000002010BD02F0D8FCF1E700BF194501087B
:104490005001002000F1140310B5044693E8030016
:1044A00002F0B6FD637F04EBD30C012203F0070199
:1044B00002FA01F19CF8282078B10A43D2B28CF8B4
:1044C0002820A27F0133DBB29A4209D9A268616A2F
:1044D00063770A44A260012010BD22EA0102EEE7E0
:1044E000237F13F0200F04F10C0393E803004FF037
:1044F00001020CD102F024FD237F064803F03003B3
:1045000043F009032377FEF75BFC002010BD02F0A7
:1045100093FCF1E75001002000F1140310B50446AC
:1045200093E8030002F074FD237F68B143F00403B5
:104530002377637F5A1C3F2B62770FD8A368626A88
:1045400013440120A36010BD5B07F2D56077114BC7
:1045500063602046BDE81040FFF79CBF237F002228
:10456000A27713F0200F04F10C0393E803004FF03F
:1045700001020CD002F060FC237F074803F03003F7
:1045800043F009032377FEF71BFC002010BD02F067
:10459000D7FCF1E79544010850010020F8B5264901
:1045A00005460078FCF756FE037F13F0020604462A
:1045B00000D0F8BDA8682F79FDF7F8F90A2F2D7BF8
:1045C000014631D80A2D2FD83A4604F1280004F0CC
:1045D00005FA237F667703F0310343F00203ED0011
:1045E0002377FB00E377A5772FB194F8283003F009
:1045F0003F032A2B15D0226A104B6262636003F0DE
:10460000FBFA03F043FB0546C82003F037FB2844C0
:10461000A06033212046FEF759FCBDE8F84003F0C6
:10462000EDBA074B6360EAE7064B074802221A60BF
:1046300000F03EFAFEF714FCB54201082D430108D4
:10464000B9430108540100206492010870B518486C
:1046500082B0FEF7BDFB48B3FF23164D164E8DF812
:10466000073029460DF10700FCF740FE0446E8B18B
:10467000237F1B07F5D503F0BFFA237F23F0080340
:10468000237703F0BBFA304600F044FCA27F9DF88C
:10469000071004F12803D208FDF77AFA29460DF134
:1046A0000700FCF723FE04460028E1D102B070BDEC
:1046B00050010020B54201087C92010830B583B05A
:1046C000FF23114D8DF8073008E003C902F0B4FB59
:1046D000237F03F0300343F00103237729460DF1D4
:1046E0000700FCF703FE00F10C01012204460B4613
:1046F00040B1207F8006E8D493E80300012202F055
:104700001FFCE5E703B030BDB542010810B5044613
:10471000074894F8203043F0040384F82030FEF773
:104720004FFBA368A26913440120A36010BD00BF22
:104730005801002008B5242204490078FCF7AAFD9E
:10474000034A044B4260036108BD00BF35470108BE
:104750000D470108A147010870B590F82030DA072D
:1047600004460E4619D5C06984F8211023F00503CC
:1047700043F0040384F8203050B10025D0E9002331
:104780003146E261C0E900559847E0690028F5D15B
:10479000BDE870400148FEF713BB70BD5801002012
:1047A00008B503460C38997DFFF7D6FF002008BDF9
:1047B0000149FCF74FBD00BF3547010870B50C46F5
:1047C0000546164603F01CFA636843B93EB1EB692F
:1047D000C4E90036EC61BDE8704003F015BA044B43
:1047E000044801221A6000F063F9FEF739FB00BFAC
:1047F00054010020A092010838B51A4905460078F6
:10480000FCF728FD044603F0F7F92046FEF74CFAC2
:1048100004F10C00FEF748FAE36933B100211A46AF
:104820001B68C2E90011002BF9D100220123238467
:1048300084F822206B68A360AB68C4E9063233B900
:10484000EB6884F82230BDE8384003F0D7B9204641
:104850001D21FEF73BFBEB6884F82230BDE83840B1
:1048600003F0CCB93547010830B5114983B005468E
:104870000078FCF7EFFC044603F0BEF994F8203012
:10488000DB0704D403B0BDE8304003F0B7B904F14E
:104890000C000190FEF708FA6B68019863611C2117
:1048A000FEF714FB03B0BDE8304003F0A7B900BF2A
:1048B0003547010870B50678134984B0054630467F
:1048C000FCF7C8FC044603F097F929792046FFF766
:1048D00043FF2046FEF7E8F9002504F10C00FEF73F
:1048E000E3F994F8213084F82050039303F086F91B
:1048F000064800F00FFB039B00952A463146FDF762
:1049000047F904B070BD00BF35470108C8920108DF
:104910002DE9F0411E4886B0FEF75AFAA0B3FF23F6
:104920001C4E1D4F8DF8173031460DF11700FCF766
:10493000DDFC044640B394F820305B07F4D503F067
:10494000A5F9054603F058F994F8208094F8213031
:10495000039328F0040284F8202003F04FF99DF817
:1049600017100291384600F0D5FA039B0299009582
:1049700008F00102FDF70CF931460DF11700FCF7C4
:10498000B5FC04460028D6D106B0BDE8F08100BFD2
:104990005801002035470108C892010870B5144E2F
:1049A00082B0FF2331460DF107008DF80730FCF788
:1049B0009DFC00240546C8B1FEF776F905F10C0010
:1049C000FEF772F9EB692BB11A461B68C2E9004485
:1049D000002BF9D1EC612C8485F8224031460DF191
:1049E0000700FCF783FC05460028E5D102B070BD46
:1049F0003547010808B5FCF77DFBFDF739FE02F0ED
:104A00000FFE03F077F9BDE8084002F0EDBF00BFEC
:104A100008B5FDF7D3F8FCF7F5FBFDF7E5FCFFF76C
:104A200057FBFFF7BBFFFCF72DFBFFF7F5F8FEF791
:104A3000C3F8FFF743FE03F0F1F8BDE8084003F0C8
:104A400057B900BF08B503F0E7F8FFF761FF03F0BF
:104A5000E3F8FCF7C9FA03F0DFF8FCF76BFF03F0AB
:104A6000DBF8FFF7F3FD03F0D7F8FDF7B1FF03F034
:104A7000D3F8FFF799FB03F0CFF8FEF797FB03F0AD
:104A8000CBF8FEF73FFD03F0C7F800F05DFF03F041
:104A9000C3F802F0BDFD03F0BFF803F0ADF903F079
:104AA000BBF802F0F9FFBDE8084003F0B5B800BF5D
:104AB00010B5C9490446FCF7E9F9002800F0628105
:104AC000C6492046FCF7E2F9002800F05981C449A4
:104AD0002046FCF7DBF9002800F05881C149204648
:104AE000FCF7D4F9002800F04F81BF492046FCF7BD
:104AF000CDF9002800F04C81BC492046FCF7C6F9EE
:104B0000002800F04981BA492046FCF7BFF9002887
:104B100000F04481B7492046FCF7B8F9002800F0BE
:104B20003981B5492046FCF7B1F9002800F03881F9
:104B3000B2492046FCF7AAF9002800F03381B049B9
:104B40002046FCF7A3F9002800F02E81AD4920464D
:104B5000FCF79CF9002800F02981AB492046FCF7BE
:104B600095F9002800F02481A8492046FCF78EF929
:104B7000002800F01F81A6492046FCF787F900288D
:104B800000F01A81A3492046FCF780F9002800F0C4
:104B90001581A1492046FCF779F9002800F0108121
:104BA0009E492046FCF772F9002800F00B819C49D1
:104BB0002046FCF76BF9002800F006819949204651
:104BC000FCF764F9002800F0018197492046FCF7C2
:104BD0005DF9002800F0FE8094492046FCF756F964
:104BE000002800F0F58092492046FCF74FF9002894
:104BF00000F08E818F492046FCF748F9002800F02C
:104C000085818D492046FCF741F9002800F07C8120
:104C10008A492046FCF73AF9002800F07381884958
:104C20002046FCF733F9002800F06A8185492046C8
:104C3000FCF72CF9002800F0618183492046FCF73D
:104C400025F9002800F0588180492046FCF71EF91C
:104C5000002800F04F817E492046FCF717F9002814
:104C600000F046817B492046FCF710F9002800F04F
:104C70003D8179492046FCF709F9002800F034818C
:104C800076492046FCF702F9002800F02B81744990
:104C90002046FCF7FBF8002800F0228171492046ED
:104CA000FCF7F4F8002800F019816F492046FCF762
:104CB000EDF8002800F010816C492046FCF7E6F87A
:104CC000002800F007816A492046FCF7DFF8002839
:104CD00000F0FE8067492046FCF7D8F8002800F075
:104CE000F58065492046FCF7D1F8002800F0EC80FB
:104CF00062492046FCF7CAF8002800F0E3806049CA
:104D00002046FCF7C3F8002800F0DA805D49204611
:104D1000FCF7BCF8002800F0D1805B492046FCF786
:104D2000B5F8002800F0C88058492046FCF7AEF8D6
:104D3000002800F0BF8056492046FCF7A7F800285D
:104D400000F0B68053492046FCF7A0F8002800F098
:104D5000AD8051492046FCF799F8002800F0A48066
:104D60004E492046FCF792F8002800F09B804C4901
:104D70002046FCF78BF8002814BFFF20342010BD1C
:104D8000032010BD022010BD052010BD042010BD61
:104D9000062010BD092010BD072010BD082010BD41
:104DA0000A2010BD0B2010BD0C2010BD0D2010BD21
:104DB0000E2010BD0F2010BD102010BD112010BD01
:104DC000122010BD132010BD142010BD152010BDE1
:104DD000172010BD162010BD5490010878900108CE
:104DE0003C900108588D0108408D0108288D01086C
:104DF000D48B010808930108108B0108FC8A010874
:104E0000E88A0108648B0108A48A0108D48A010891
:104E1000788B0108C08A01086C8E0108FC8D01089E
:104E2000348E0108D08D0108A49101088C910108ED
:104E300074910108A0920108608A01083491010868
:104E4000C48E0108888F0108B88F0108D88C01082A
:104E5000B08C01089C8C010864920108088F01083D
:104E6000EC8E01083493010848920108EC91010886
:104E7000D8900108BC900108449301085C93010894
:104E80007093010884930108A4930108BC9301085E
:104E9000C8930108DC930108EC9301080094010811
:104EA0002C940108332010BD322010BD312010BDDC
:104EB000302010BD2F2010BD2E2010BD2D2010BD84
:104EC0002C2010BD2B2010BD2A2010BD292010BD84
:104ED000282010BD272010BD262010BD252010BD84
:104EE000242010BD232010BD222010BD212010BD84
:104EF000202010BD1F2010BD1E2010BD1D2010BD84
:104F00001C2010BD1B2010BD1A2010BD192010BD83
:104F1000182010BD10B57F490446FBF7B7FF0028E5
:104F200000F0C0807C492046FBF7B0FF002800F06D
:104F3000B7807A492046FBF7A9FF002800F0B68029
:104F400077492046FBF7A2FF002800F0AD807549A5
:104F50002046FBF79BFF002800F0AA8072492046FC
:104F6000FBF794FF002800F0A78070492046FBF76C
:104F70008DFF002800F0A2806D492046FBF786FFD8
:104F8000002800F097806B492046FBF77FFF002840
:104F900000F0968068492046FBF778FF002800F073
:104FA000918066492046FBF771FF002800F08C8055
:104FB00063492046FBF76AFF002800F087806149BB
:104FC0002046FBF763FF002800F082805E49204600
:104FD000FBF75CFF00287DD05C492046FBF756FFBD
:104FE000002879D05A492046FBF750FF002875D099
:104FF00058492046FBF74AFF002871D05649204601
:10500000FBF744FF00286DD054492046FBF73EFFD4
:10501000002869D052492046FBF738FF002865D0A8
:1050200050492046FBF732FF002863D04E49204606
:10503000FBF72CFF00285BD04C492046FBF726FFEE
:10504000002865D04A492046FBF720FF00285DD0A4
:1050500048492046FBF71AFF002855D0464920460C
:10506000FBF714FF00284DD044492046FBF70EFF04
:10507000002845D042492046FBF708FF00283DD0D4
:1050800040492046FBF702FF002835D03E49204624
:10509000FBF7FCFE3D4B00280CBF1846002010BD5E
:1050A0003B4810BD3B4810BD3B4810BD3B4810BDC0
:1050B0003B4810BD3B4810BD3B4810BD3B4810BDB0
:1050C0003B4810BD3B4810BD3B4810BD3B4810BDA0
:1050D0003B4810BD3B4810BD3B4810BD3B4810BD90
:1050E0003B4810BD3B4810BD3B4810BD3B4810BD80
:1050F0003B4810BD3B4810BD3B4810BD3B4810BD70
:105100003B4810BD3B4810BD3B4810BD3B4810BD5F
:105110003B4810BD88900108189001089490010840
:10512000E48F01087C8C0108348C01085C8C010838
:105130000C8C0108208C0108E48B0108B48B010859
:105140009C8B01088C8B0108288B0108848D010839
:10515000708D0108CC910108948D0108C892010856
:10516000748A0108489101089C8E0108FC8C010892
:105170007C920108288F01084C8F01080C920108CD
:10518000F890010840940108A894010818950108B6
:1051900028950108209501083895010830950108E7
:1051A0004095010858950108489501085095010857
:1051B00060950108D8940108689501087095010868
:1051C0007895010880950108889501089095010857
:1051D00098950108A0950108A8950108B0950108C7
:1051E000C0950108B89501081095010808950108B7
:1051F00000950108F8940108F0940108E89401086A
:10520000E094010830B50C4C83B00121082002F075
:10521000E5FF4FF4807541F2030301A92046ADF884
:105220000630ADF8045002F03FFE2946204602F059
:10523000A3FE03B030BD00BF000C01404348444A08
:10524000D0F88810434B41F4700110B4C0F88810B6
:10525000116841F0010111605468234053601368E4
:1052600023F0847323F480331360136823F48023C2
:105270001360536823F00F6300204FF41F0123F4E1
:1052800070235360D06210639160D3693249334810
:1052900043F08053D361CB6843F00103CB60D36903
:1052A00023F08053D361016841F0900101601168DF
:1052B00041F480314FF6FF73116001E0013B02D0F1
:1052C00011688803FAD5224B1A68910339D5234A0D
:1052D000116821F003011160116841F004011160AF
:1052E0005A685A605A6842F400525A605A6842F446
:1052F000A0625A605A6822F0036222F470225A6057
:105300005A6842F0016242F470225A601A6842F010
:1053100080721A601A689201FCD559680C4A21F013
:1053200003015960596841F002015960536803F064
:105330000C03082BFAD1054B094A5DF8044B9A601F
:105340007047084B084A1A60F5E700BF00ED00E01F
:105350000010024000C0FFF8007000400020024032
:10536000000001083800002000127A00704700BFDA
:10537000FEE700BFFEE700BFFEE700BFFEE700BF9D
:10538000704700BF704700BF70B500F108030646C4
:10539000002293E8030001F04FFD756A02F076FCED
:1053A00004464FF47A7005FB00F002F067FC2546D6
:1053B000154CA4FB003405EB944402F067FC8442D6
:1053C000FBD806F1100393E80300012201F0C4FDAD
:1053D000756A02F05BFC04464FF47A7005FB00F03E
:1053E00002F04CFC2546084CA4FB003405EB944429
:1053F00002F04CFC8442FBD8183696E803000122E8
:10540000BDE8704001F0A8BD83DE1B432DE9F04BE1
:1054100084B000F118030827029300F110030193F0
:10542000DFF824B1C31906460D4603934FF47A7989
:105430002B067DD4039B002293E8030001F0FCFCC3
:10544000D6F8248002F022FC044609FB08F002F0A2
:1054500015FC6D00ABFB0023EDB204EB934402F0AE
:1054600015FC8442FBD8019B012293E8030001F064
:1054700073FDD6F8248002F009FC044609FB08F00D
:1054800002F0FCFBABFB002304EB934402F0FEFBB9
:105490008442FBD896E80300002201F0CDFC013FD6
:1054A000C6D1029B012293E8030001F055FD756A05
:1054B00002F0ECFB04464FF47A7005FB00F002F0BA
:1054C000DDFB214BA3FB002304EB934402F0DEFB46
:1054D0008442FBD8019B012293E8030001F03CFDCC
:1054E000029B93E8030001F093FD776A054602F002
:1054F000CDFB04464FF47A7007FB00F002F0BEFBD0
:10550000114BA3FB002304EB934402F0BFFB844246
:10551000FBD896E80300002201F08EFC029B0122DA
:1055200093E8030001F018FD4DB904B0BDE8F08B1D
:10553000029B012293E8030001F00EFD80E703487F
:10554000FFF7B6FAFDF78CFC83DE1B4334930108AA
:10555000F8B5456A0F46064602F098FB04464FF43C
:105560007A7005FB00F002F089FB2546284CA4FB6D
:10557000003405EB944402F089FB8442FBD806F129
:10558000180393E80300012201F0E6FC06F1100382
:1055900093E80300012201F0DFFC756A02F076FB5C
:1055A00004464FF47A7005FB00F002F067FB2546D5
:1055B000174CA4FB003405EB944402F067FB8442D3
:1055C000FBD806F1080393E80300002201F034FC45
:1055D000756A02F05BFB04464FF47A7005FB00F03D
:1055E00002F04CFB25460A4CA4FB003405EB944426
:1055F00002F04CFB8442FBD896E80300002201F045
:105600001BFC39463046BDE8F840FFF7FFBE00BF3F
:1056100083DE1B432DE9F041054684B00078FCF79A
:1056200021FF80462C20FBF771FD2B695B0080F881
:10563000203041F288321C4B426202AF6A696968CD
:105640001A6004460122384601F0BAFC97E80300CC
:1056500004F1100383E803006E46696830460122B6
:1056600001F022FC96E8030084E803000122A96807
:10567000384601F0A5FC97E8030004F1180383E81D
:1056800003000122A968304601F00EFC96E80300F1
:1056900004F1080383E803002146404604B0BDE856
:1056A000F041FCF705BF00BF5C01002070B50D465E
:1056B00090F8201006461446FFF74AFF3DB12544F6
:1056C00014F8011B3046FFF7A1FEAC42F8D130467A
:1056D000BDE87040FFF758BE2DE9F04B84B00D4691
:1056E00090F820101F460C9B03930646144641F089
:1056F0000108002D40F0AA8041463046FFF728FF00
:105700007B1EDBB20293002F00F0928006F118039B
:105710000093DFF8509106F110030193009B0122E2
:1057200093E8030001F018FC082700254FF47A7B6A
:10573000D6F8248002F0AAFA04460BFB08F002F027
:105740009DFAA9FB002304EB934402F09FFA8442E4
:10575000FBD8019B012293E8030001F0FDFBD6F882
:10576000248002F093FA04460BFB08F002F086FA5C
:10577000A9FB002304EB934402F088FA8442FBD88F
:10578000009B93E8030001F043FC6D00EDB205437C
:10579000002296E8030001F04FFB013FEDB2C7D1B4
:1057A000009C012294E8030001F0D6FB029B002B31
:1057B00044D194E80300012201F0CEFB776A02F0A5
:1057C00065FA04464FF47A7007FB00F002F056FACF
:1057D000A9FB002304EB934702F058FA8742FBD859
:1057E000019B012293E8030001F0B6FB776A02F007
:1057F0004DFA04464FF47A7007FB00F002F03EFACF
:10580000A9FB002304EB934702F040FA8742FBD840
:10581000002296E8030001F00FFB029B039A013B74
:10582000DBB202F8015BFF2B029303927FF476AFA9
:10583000304604B0BDE8F04BFFF7A6BD06F1080303
:1058400093E803003A4601F0F7FAB7E7FFF780FE66
:10585000254414F8011B3046FFF7D8FDA542F8D1C6
:105860004AE700BF83DE1B4338B50749054650228F
:105870000078FBF70FFD0446044B28796360FEF7C0
:10588000DFF8206138BD00BF695801089158010850
:1058900008B5034604481A7D42F001021A75FDF767
:1058A0008FFA002008BD00BF6001002038B5104904
:1058B00005460078FBF7CEFC0446FDF7F5F900231A
:1058C00023756B6803B938BDE36004F1160000F07E
:1058D000BFF802F091F902F0D9F9E3681844A0602A
:1058E00003212046FDF7F2FABDE8384002F086B900
:1058F0006958010870B5134984B004460078FBF775
:10590000A9FCAF230546ADF80C3002F0BFF903AB9C
:105910000646022228690121FEF7E8F802F0B6F9EE
:105920009DF80DC021780CF01F0C0CEB4C0C4FEACD
:105930004C04831B0094324605F1160000F0A6F8D3
:1059400004B070BD695801082DE9F0433E4885B0A8
:10595000FDF73EFA80B1FF233C4D3B4F8DF80330FD
:1059600002E0237DDB070AD429460DF10300FBF793
:10597000BDFC04460028F4D105B0BDE8F083AF2299
:10598000002394F81A90ADF80420A822029320690D
:105990008DF80E30ADF80C308DF8082002AB0722E0
:1059A000012109F11B069DF80380A144FEF79EF832
:1059B00001AB022220690121FEF798F826449DF8E8
:1059C000093089F81B309DF80A309DF80520737066
:1059D0009DF80B30B3709DF80C30F3709DF80D30CE
:1059E00033719DF80E307371A37E0633DBB22D2B1D
:1059F000A37602F03F0902F040061CD8384616B1E3
:105A0000238B01332383B9F1000F02D0FDF7D8F9BE
:105A1000AAE7237D23F00103237502F0EDF802F0DD
:105A200035F9E36818440321A0602046FDF74EFADB
:105A300002F0E4F898E704F11600414600F00EF891
:105A40003846002EDFD0DBE76001002069580108EE
:105A50000023038043800371704700BF10B584B0FA
:105A6000044609480391FFF755FA2346039933F892
:105A7000052B00932379FCF78BF823880022013350
:105A80002271238004B010BDA894010870B50446AB
:105A900088B00A480593CDE90621FFF73BFA25793E
:105AA0000C9E0799354401956588029524880094D9
:105AB000DDE90532FCF76CF808B070BD40940108D0
:105AC00010B5174C0FCC8CB00DF1040CACE80F00E6
:105AD0000FCCACE80F0094E807000DF1040E8CE841
:105AE00007004FF0000C5EF8040F6346724652F850
:105AF000041C814212D9013B42F80419591CF6D109
:105B000000230CAA02EB83030CF1010CBCF10A0F79
:105B100043F82C0CE7D106980CB010BD0133F0E728
:105B20009401002010B4094A094C0A480A4900238C
:105B30004FF0010C82F800C02360084A084C037043
:105B40000B7023705DF8044B136070474000002019
:105B50007C010020D2010020C8010020D4010020D7
:105B60007101002070B50121204D8CB0084602F073
:105B700029FB284602F0E2FD01A802F0BFFE1C4B03
:105B800001931C4B02934FF4807307934FF4006210
:105B9000202301240026CDE9082301A94FF4005356
:105BA00028460A93CDE90364CDE905660B9602F019
:105BB00085FE2A4610492346182002F0D1FE0F2305
:105BC00068468DF800308DF801408DF802608DF840
:105BD000034002F03DFB22462846022102F0A8FEC7
:105BE0002146284602F098FE0CB070BD58000240D5
:105BF00024340140680100200000024010B50C4927
:105C00004FF4003002F0A4FE00B910BD0849094C61
:105C10004FF4003002F0A2FE074A084913680968F1
:105C20000748CB1A9BB2236001231160036010BDAB
:105C3000000002408801002064010020680100206B
:105C40008C01002030B5012185B0204C4FF400605C
:105C500002F0C4FA0121042002F0C0FA204602F04A
:105C6000AFFB684602F080F94FF48053694618484C
:105C7000ADF8003040F203430025ADF8023002F0E9
:105C800013F9FFF76FFF40F2F31369462046ADF8B2
:105C90000430ADF80050ADF80650ADF802508DF864
:105CA000085002F009FC2B462A462946204602F0FD
:105CB00007FD204601224FF4807102F0F7FC01211C
:105CC000204602F0DFFC05B030BD00BF002C0140D3
:105CD0000008014030B5012185B0114D4FF400504E
:105CE00002F07CFA684602F0C1FC00244FF6FF7314
:105CF00069462846ADF80430ADF80040ADF80640DE
:105D0000ADF8024002F0D8FB22462146284602F0B8
:105D1000EBFC0121284602F0B5FC05B030BD00BF08
:105D2000003401402DE9F04BAC490B688CB0002BDE
:105D300064D0AB4B1B78002B63D1AA4B1A68AA4CDA
:105D4000DFF8EC822378DFF8EC9200200860A749A6
:105D500041F823200133DBB20A2B237098F800307E
:105D600088BF20700A2B9CBF013388F8003099F857
:105D70000030002B73D0DFF8A0B29D49DBF8003073
:105D80009A4D03EBC303A1FB031302EBD302CBF841
:105D90000020FFF795FE01AF044605F12C023846BE
:105DA000294651F8043B9C4294BF1B1BE31A8A42CC
:105DB00040F8043BF5D10020A44657F8046F034691
:105DC000394651F8044CA64247D2013B5A1C41F8CF
:105DD0000449F6D100230CA901EB830301300A2802
:105DE00043F82C6CE9D1834B069F1F60824B1B68E4
:105DF000BB4264464AD2814B00221A600CB0BDE817
:105E0000F08B784C7E4D7F4823682A68B0F90000FB
:105E10009B1A48BF5B420028B8BF40429BB280B289
:105E2000834240F2B580962B00F2BF80764B7748D4
:105E300000261E80038801339BB2B3F5967F038052
:105E4000FFF47DAF724B1B7823B123682268714C3D
:105E50002B6023600023038071E70133BBE798F8D0
:105E600000300B2BCAD1FFF72BFE6B4900EB8000F3
:105E700001224000086089F8002001F007FF67490F
:105E80005E4AA1FB00135B0C1360B7E701F0FEFE56
:105E9000624BA3FB00235948614A01685B0C00294F
:105EA0007FD05B1AB3F5FA6FA8D30020DFF83CC1AE
:105EB00001465CF8043B1B1B03FB03F3181841EB82
:105EC000E3716245F5D10B220023FAF7FFFD0028AC
:105ED00000F0BB80431CB0EB530F4FEA530240F27B
:105EE000B480B0FBF2F311461344B1EB530F4FEA09
:105EF0005302F6D807EB5703012B38BF012398F85C
:105F00000020994238BF194692B1002F40F094808A
:105F1000394B1F6805EB820255F8043B9C4294BF45
:105F20001B1BE31A9F4238BF45F8044CAA42F3D129
:105F30003C4A2F481268334C01EB4103DBF8001058
:105F40005B42A0FB01011BB202EBD1026FF03B01EF
:105F50008B42B8BF0B466FF01305AB422D492B485F
:105F60000A60A8BF2B46238025491F4C0A600023E6
:105F700023702549214C2C4A88F8003089F80030DC
:105F8000236003800B80012313700CB0BDE8F08BFD
:105F9000962B0AD81D4D1C48226800232B800380B5
:105FA000CDE603600CB0BDE8F08B194B2268174CAE
:105FB0001B780020208003F0FF0463B1124C23887B
:105FC00001339BB20E2B23807FF6B9AE174B208096
:105FD00001201870B3E60C4B1C80B0E68C01002049
:105FE000D000002088010020C10100209401002081
:105FF000CDCCCCCC740100203C000020C40100209A
:10600000840100204200002092010020C2010020F3
:10601000400000207801002080010020D55204E9D2
:10602000C0010020CC01002090010020710100205F
:10603000C0010020700100200323A7FB03304FF0B4
:10604000FF3320B907EB470764E7014652E71F46D5
:1060500060E700BF384B1A6810B4002A39D0374ABD
:106060001168002933D01168B1F5803F2FD2344830
:10607000017801F0FF0C00292ED1324C1168246800
:106080003148324A091B11600268C2EB011102EB70
:10609000A1022F490260B1F90010B1EB221F4FEAB3
:1060A000221026DB2B492C480A7880F800C00132E8
:1060B000D2B2032A0A700AD9284A107828B128488F
:1060C00082F800C002880132028004220A70002295
:1060D0001A605DF8044B7047204A00210170107867
:1060E00000B111701B481C49002202700A701A602E
:1060F000EFE70A3109B2814212DC174915480A78E4
:1061000080F800C00132D2B2022A0A70DFD9134AE5
:10611000107801281CBF0120107003220A70D6E7F6
:106120000E4A127802F0FF011AB10A4A82F800C042
:10613000CDE7094A1170CAE78C01002088010020D0
:1061400071010020780100207C010020D401002092
:1061500042000020D2010020C801002040000020A1
:10616000D0010020032830B512D84FF0010E8EF375
:106170001088084D00EB400005EB800384000022EE
:10618000596099605A7005F804E082F3108830BDB8
:10619000FEE700BFD801002003280FD8012383F3B6
:1061A0001088074A00EB400002EB800180000023CA
:1061B0004B604B70135483F310887047FEE700BFA9
:1061C000D801002030B585B01E2300240125684683
:1061D0008DF8003008238DF801308DF802408DF8DD
:1061E000035002F035F82946042002F003F8632337
:1061F0006946ADF804300B48ADF8064040F2CF23B5
:10620000ADF80030ADF8024002F056F92A462946B2
:10621000044802F041FA0348214602F033FA05B07F
:1062200030BD00BF000800402DE9F04B07250024D9
:10623000052707FA05F304F0800603F08003B34254
:106240004FEA440282F007030ABF6400DCB2E4B202
:10625000013DEED20822630014F0800F08BF6400F5
:1062600083F0070314BFDCB2E4B2013AF3D140F08B
:106270008006072006FA00F304F0800503F080038F
:10628000AB424FEA440282F007030ABF6400DCB26B
:10629000E4B20138EED24FEA21690F0E072007FA67
:1062A00000F304F0800503F08003AB424FEA4402A0
:1062B00082F007030ABF6400DCB2E4B20138EED218
:1062C0004FEA2148C1F30745072005FA00F304F01F
:1062D000800703F08003BB424FEA440282F00703C9
:1062E0000ABF6400DCB2E4B20138EED20F12C1F38F
:1062F0000725072005FA00F304F0800C03F0800363
:1063000063454FEA440282F007030ABF6400DCB22F
:10631000E4B20138EED2CDB2072105FA01F304F060
:10632000800003F0800383424FEA440282F00703B7
:106330000ABF6400DCB2E4B20139EED23048DFF8C3
:10634000C0B0402101F0A8FE2D48052101F09AFEC1
:106350004021584601F09AFE0028F9D02848DFF87D
:10636000A0B0002101F08EFE4021584601F08EFEC3
:106370000028F9D031462248214E01F083FE402109
:10638000304601F083FE0028F9D01D481C4E1FFA4C
:1063900089F101F077FE4021304601F077FE0028B8
:1063A000F9D01748164E1FFA88F101F06BFE402114
:1063B000304601F06BFE0028F9D01148104EB9B2FA
:1063C00001F060FE4021304601F060FE0028F9D067
:1063D00029460B480A4D01F055FE4021284601F0A0
:1063E00055FE0028F9D021460548054C01F04AFE2B
:1063F0004021204601F04AFE0028F9D0BDE8F08B8C
:10640000004800402DE9F04B0121344EDFF8DC90CC
:10641000DFF8DCB0DFF8DC80314D8CB0084601F0ED
:10642000D1FE304602F08AF92E4B0293102204234B
:106430000024CDE90323802701A930464FF44053BF
:106440000A93CDE90547CDE90744CDF804B0099496
:106450000B9402F033FA012332464946052002F03C
:106460007FFA30460122022102F062FA0122394607
:10647000404601F0FDFD2146304602F04DFA284627
:1064800002F05CF9184B02930F2301A928460493EC
:106490004FF400530A93CDE90744CDF804B00697B2
:1064A0000394059409940B9402F008FA01234946D9
:1064B0002A460B2002F054FA28460122022102F05B
:1064C00037FA01224046402101F0D2FD21462846FC
:1064D00002F022FA0CB0BDE8F08B00BF1C000240B5
:1064E0003000024044000020502100200000024003
:1064F000044800400048004070B5012186B00920E2
:1065000001F06CFE464C474D01214FF4802001F014
:1065100071FE4FF4806369462046ADF8003041F6C5
:106520000303ADF8023001F0BFFC694620464FF48A
:10653000006240F203430024ADF80020ADF80230C1
:1065400001F0B2FC4FF440234FF4613202A9284617
:106550000493CDE90224ADF8144001F00FFD22466A
:10656000284640F2266101F069FD2246284640F2A5
:10657000255101F063FD2246284640F2277101F0C3
:106580005DFD0122284640F2244101F057FD2846D6
:10659000012101F045FD4021284601F07DFD07263F
:1065A000012501A827238DF804308DF805608DF8AA
:1065B00006408DF8075001F04BFE0C2301A88DF822
:1065C00004308DF805608DF806408DF8075001F015
:1065D0003FFE0D2301A88DF804308DF805608DF87D
:1065E00006408DF8075001F033FEFFF70BFF204601
:1065F0004FF4E871FFF718FE0B491020FFF714FE67
:1066000080211120FFF710FE08496C20FFF70CFED7
:1066100007497020FFF708FEFFF7D4FD06B070BDF4
:10662000000C0140004800400C0C0A00C38200141A
:106630004B170DC808B50849202002F089F900B9A8
:1066400008BD0549202002F089F9BDE8084003484B
:10665000002102F061B900BF000002401C000240AE
:1066600008B507494FF4007002F072F900B908BD8F
:10667000BDE8084002494FF4007002F06FB900BF56
:106680000000024010B52A4840F2244101F008FD04
:1066900000B910BD2748002102F03EF9254802F05C
:1066A00053F9C0B20F2803D0234B1B78012B0CD019
:1066B00020480F2102F046F91D4B1E481A889B887E
:1066C000BDE81040012102F027B91C4B1A78052AB9
:1066D00006D000229A60C3E90022C3F80B20E7E746
:1066E0009A78412AF5D1DA78CF2AF2D11A79052A97
:1066F000EFD15A79FF2AECD19A79412AE9D15A7817
:10670000D879197A02430A43E3D10D48B3F8091046
:1067100002880C4C49BA89B244F82210013292B274
:1067200040F2C5718A4288BF40F2C6720280D0E74B
:1067300000480040300002409C0000205021002012
:10674000482100200802002008B51048012101F06E
:10675000CFFF00B908BD0D48012101F0D5FF0C4A5B
:1067600013680133012B01D8136008BD00210948CB
:10677000116002F0D1F80748042102F0E3F8BDE807
:1067800008400448012102F0C7B800BF00080040DB
:106790004C2100201C0002402DE9F04B2DED048B14
:1067A0008AB00B1E019003932BDDBB4A013B12689C
:1067B00002930023089309929B46029B9B451CDA97
:1067C000019B029F03EB8B0200210BF1010305E00B
:1067D00063291BDCAF4203F101030EDD546852F85C
:1067E000040B261A84421D463144F1DAAF429B461F
:1067F0004FF0000103F10103F0DC089B002B40F097
:10680000E1800AB0BDEC048BBDE8F08BBBF1FF3F2B
:10681000F3D0039C5C4540F3FA80019B0BF180416F
:10682000013903EB81015A46002305E0C72B00F331
:10683000F480013294420AD051F8040F462803F143
:106840000103F3DD013294424FF00003F4D1029BC7
:106850000093009B5B45C0F2BD80019A00990BF14B
:106860008043013B02EB83035D4603E00135A9420F
:10687000C0F2CB8053F8042F962AF7DD009C019AD2
:10688000631C02EB830303E0013C5C45C0F2A38080
:1068900053F8042D962AF7DDA4F11D0305F11E021D
:1068A000934240F3A080019B05F180421D32A3F189
:1068B0007806002003EB820206EB8406014652F8BC
:1068C000043F181841EBE3719642F8D1F9F70EFE38
:1068D0000646A4F13B00401B0F46F9F7CBFD0246EC
:1068E0000B4630463946F9F759FF02460B4643EC52
:1068F000192B009B5B4403EBD3735A10BBEB630F64
:10690000049200F38E804FF03332644BF9F71CFE93
:106910000A4601460BF18048019B0794CDE905B575
:1069200008F1FF3800265F46DDF810B003EB880859
:10693000B1460C46154658F8040F8145B8BF81464C
:10694000F9F798FD22462B460137FAF78DF820B16A
:106950000136B6B20A2E28BF0A265F45EBDDDDE917
:1069600005B5079C58EC197B47A3D3E9002319EE22
:10697000100A4146FAF778F8C8B1641B513C442C20
:1069800015D84846F9F776FD444B04460D464FF0BE
:10699000333219EE100A4146F9F7D6FD02460B468E
:1069A00020462946FAF760F808B1022E3CD8009B31
:1069B00003F1C80B039B5B453FF7FFAE089B002B21
:1069C0003FF41FAF344B099A1A600AB0BDEC048B38
:1069D000BDE8F08B5D46009C05F11E02A4F11D038D
:1069E00093423FF760AF009B5B4403EBD3735A10B5
:1069F000BBEB630F0492DADC9FED257B52EC171B97
:106A0000B0EE479AF0EE679A84E75D4636E718BF26
:106A1000CDF800B07FF421AF19E7A2F1C7030093CE
:106A200017E70026B1469DE7009B5B4515DD019DFC
:106A3000009C0BF1010305EB830252F8041C55F88E
:106A4000232005EB830302E05A6853F8041B8A42B3
:106A50007EDB0BF1010B5C45F6DC0499009CA14246
:106A6000A5DA01986FF0404B04EB0B0300EB8302B7
:106A700050F8235056688946019A04EB0B0302EB49
:106A800083034FF000080EE00000000000C06240E9
:106A90000000000000000000A00000203333F33F9E
:106AA00053F8045D5E68B542A6EB050266DC013C66
:106AB000A1459044F4DB019B53F824502846F9F794
:106AC000D9FC064640460F46F9F7D4FC364B002267
:106AD000F9F73AFD02460B4630463946F9F7B0FF62
:106AE00000283FF464AF05EB0800F9F7C3FC2F4B17
:106AF00006460F46002251EC190BF9F725FD024618
:106B00000B4630463946F9F7A5FF70B153EC192B07
:106B100030463946F9F794FF0028089B18BF012337
:106B20000893099B18BF092309934C457FF73FAF92
:106B3000019B03EB840303E0013CA1453FF437AF25
:106B40002E4653F8045DB542F6DCA14594DB2EE7F2
:106B50005C4582DD0BF1010305EB830000E00133AE
:106B60009C429B463FF479AF426850F8041B8A422E
:106B7000F5DB9C427FF771AF013362E73046F9F7EE
:106B800079FC41EC180B4046F9F774FC064B0022E7
:106B9000F9F7DAFC02460B4651EC180BF9F750FFF7
:106BA00035460028C1D09EE70000F83F0000E03FD6
:106BB00010B5084C2378012B00D010BD064B1B7874
:106BC0000B2BFAD005484FF4FA61FFF7E5FD0023DF
:106BD000237010BD9C0000209800002008020020B7
:106BE0002DE9F0412E4A86B006460D4604230024C6
:106BF00001E012F8013FAB4207D001340F2CF8D16D
:106C00002848FDF755FFFCF72BF9274A274F536912
:106C100043F470435361D36A23F4FF7323F00103F9
:106C200043F00703D3624FF0010800234FF46022C2
:106C300069463846CDE90033CDE9023204938DF838
:106C4000148001F03DFBC7F80880BB6D9B06FCD5A6
:106C5000BB6D23F08003BB650A2001F029F80523F2
:106C6000BB60124B9A6812F00402FBD1FE2D11D1C9
:106C70009A680F4942F400029A60D1F8203843F430
:106C80008063C1F82038094B3046C6E9003406B0AD
:106C9000BDE8F0810321284600F02CFDF3E700BF9A
:106CA000D4A60108709301080010024000080240B9
:106CB0000010004010B582B002AB03E90300036886
:106CC000DA0604460AD59B0702D5436B8B4218D0DF
:106CD000142002B0BDE8104000F0D0BF0423012210
:106CE000C9B201F013FBA36843F00103A360A368DA
:106CF000142043F4A003A36002B0BDE8104000F0EC
:106D0000BDBF002002B010BD026822F00202F0B543
:106D10000260026822F010020260826883B002AB57
:106D200022F4A002042903E90300826006D0C06CAB
:106D30001D4B80B223F8110003B0F0BD1B4E1C4A5E
:106D4000D6ED007AC76C1760F8EEE77A17EE900A76
:106D5000F9F7A2FB10A3D3E90023F9F7F5FB07EE3F
:106D6000907AF8EEE77A044617EE900A0D46F9F7A6
:106D700093FB0BA3D3E90023F9F7E6FB02460B468E
:106D800020462946F9F72AFAF9F778FE064B3060D3
:106D9000188103B0F0BD00BFAE47E17A14AEEF3FFB
:106DA0007B14AE47E17A843F642100204800002034
:106DB0006021002030B5044683B06D4685E80300AD
:106DC00000F01EFF2368DB06044605D4204603B00E
:106DD000BDE8304000F018BF95E80300FFF794FFCE
:106DE000204603B0BDE8304000F00EBF70B584B05F
:106DF000014601AC01A800F025FC70CC00F000FFBA
:106E0000236833432360236815B100232E602B6071
:106E100004B0BDE8704000F0F7BE00BF00B585B01B
:106E2000014601A800F00EFC019A039B106818406F
:106E300005B05DF804FB00BF2DE9F04182B002AB64
:106E400003E9030005461649019E164B174600202C
:106E500001E051F8043B9D4214D001300728F8D1DD
:106E6000002400F0CDFE804607B9360420462E618E
:106E70000022012100F03EFC404602B0BDE8F04196
:106E800000F0C2BE04010023012202E00133102BF6
:106E9000E7D002FA03F13142F8D01C44E1E700BF29
:106EA000E8A6010800080140F0B56F2983B00C4640
:106EB0000546164619D8114B0A0953F82270A7B196
:106EC000384600F007FC04F00F04012101FA04F435
:106ED000CDE9007402AB13E903003246FFF7ACFFC3
:106EE0002846C5E9007403B0F0BD054B05480B22E8
:106EF0001A60FDF7DDFDFBF7B3FF00BFE4A6010854
:106F0000540100205C93010882B002AB03E9030046
:106F1000C3684B40C36002B0704700BF00B583B088
:106F200002AB03E9030000F06BFEDDE90021D3684A
:106F30004B40D36003B05DF804EB00F065BE00BFCA
:106F400082B002AB03E903000B46014602B91B0401
:106F50000B6102B0704700BF30B585B004AB03E9E8
:106F6000030004461449039D144B002001E051F82E
:106F7000043B9C4212D001300728F8D10024019232
:106F800000F03EFE019A05460021204600F0B2FBCB
:106F9000284605B0BDE8304000F036BE04010023AD
:106FA000012002E00133102BE9D000FA03F129425D
:106FB000F8D01C44E3E700BFE8A601080008014040
:106FC00070B56F2982B0044614D80E4B080953F8E7
:106FD00020607EB101F00F0101258D40CDE90065F3
:106FE00002AB13E90300FFF7B7FF2046C4E90065D1
:106FF00002B070BD044B05480C221A60FDF758FD25
:10700000FBF72EFFE4A60108540100204493010879
:1070100082B002AB03E903000A49019A88420346A1
:1070200006D09B68134214BF0120002002B07047B5
:10703000012AF6D1044B1878003818BF012002B09D
:10704000704700BF002001404000002070B56A4C2E
:107050000E461546002304F1C00C03E008346445D5
:1070600037D023799842F9D1206800F02FFB634B89
:10707000B3FBF0F0012888BF4008C0EBC01040000F
:10708000B042B6FBF0F322D94FF6FF769E4228BFFE
:107090001E462079A179002200F02CFB2068FFF722
:1070A000BDFE002800F0938023681A68D20718D527
:1070B0001A8DB6B292B2B24240F08D806279013A36
:1070C000032A00F29080DFE802F0674C31165E1E62
:1070D000DFE74B4B4B4808221A60FDF7E9FCFBF752
:1070E000BFFEFE22B6B21E859A859A8A92B242F0FF
:1070F00001029A82E2E71A6A22F480521A629A8B9B
:1071000022F4E6421204120C9A839A8B92B242F451
:10711000D8429A831D641A6A42F480521A621A682D
:1071200042F0010203F140001A6070BD1A6A22F4B5
:1071300080721A629A8B22F073021204120C9A83E4
:107140009A8B92B242F06C029A83DD631A6A42F41F
:1071500080721A621A6842F0010203F13C001A6060
:1071600070BD1A6A22F010021A621A8B22F4E642EB
:107170001204120C1A831A8B92B242F4D8421A8368
:107180009D631A6A42F010021A621A6842F0010204
:1071900003F138001A6070BD1A6A22F001021A6207
:1071A0001A8B22F073021204120C1A831A8B92B2F9
:1071B00042F06C021A835D631A6A42F001021A629D
:1071C0001A6842F0010203F134001A6070BD2068B1
:1071D000FFF70CFE68E70A4B0B4809221A60FDF71F
:1071E00067FCFBF73DFE064B08480A221A60FDF7D4
:1071F0005FFCFBF735FE00BF00A7010800449508BF
:10720000540100202C94010800940108EC9301081B
:1072100001607047F8B505460C4617461E4605E066
:1072200000F034FD314600F02DFD50B1B5F814C02A
:107230001FFA8CFC34EA0C03F2D11CEA070FEFD1E1
:10724000F8BD044B044806221A60FDF731FCFBF739
:1072500007FE00BF54010020BC930108F8B5164694
:1072600040F201120D4604460280012100221F4611
:10727000FFF7D0FFABB215F00102238219D02188AD
:1072800089B241F480613B460022218020460221E0
:10729000FFF7C0FF00F0B4FC258B012E08BF40F2C1
:1072A0000123ADB208BF238000F0AEFCEB070AD586
:1072B000F8BD3B4602212046FFF7ACFF00F0A0FCE2
:1072C000258BADB2F0E7044B044807221A60FDF7A6
:1072D000EFFBFBF7C5FD00BF54010020A49301089C
:1072E00002292DE9F8430F4604461D4665D8DFF80C
:1072F000EC9059F831603046FFF790FD804628B198
:107300006D00257126602046BDE8F88309EBC707AC
:107310003046FFF76BFD97F804907F7948460122CD
:1073200040F2011100F0E6F93846012240F2011165
:1073300000F0E0F938464FF0FF3240F2011100F062
:10734000D9F948464FF0FF3240F2011100F0D2F96E
:107350004846012240F2011100F0CCF938460122E2
:1073600040F2011100F0C6F9484601224FF4A17124
:1073700000F0C0F9012238464FF4A17100F0BAF9CB
:107380004FF4004333803046A6F8008000F09EF9A9
:107390000E4B2660A3FB00230D4A80099B0CA2FB29
:1073A00000206D00B3808009013301222571B08374
:1073B000338420463280BDE8F883064B0648052218
:1073C0001A60FDF775FBFBF74BFD00BF83DE1B4327
:1073D000632D3E0554010020C8930108C0A7010891
:1073E000F0B583B002AC04E9030017461C4605461D
:1073F00000F04CFC064641F2883000F03FFC0644A9
:107400009DF8041033463A462846FFF727FF5FB140
:10741000274414F8011B2982334600228021284684
:10742000FFF7F8FEBC42F4D140F201232B8080220A
:1074300033460021284603B0BDE8F040FFF7EABE1E
:107440002DE9F04B84B004AC04E903000D999DF8DC
:107450000C90019115461C469DF83070064600F0D0
:1074600015FC804641F2883000F008FC49F0010B21
:107470008044A5BB594643463A4630467D1EFFF739
:10748000EDFEEDB217B3019B03F1010909E000F035
:10749000BBFB6A1E09F8014CD2B2BDB109F101096A
:1074A00015460022434640213046FFF7B3FE00F068
:1074B000A7FB328A012DD4B2E9D140F201233380F7
:1074C00000F0A2FB09F8014C0022E7E74346402206
:1074D0000021304604B0BDE8F04BFFF79BBE2A46C2
:1074E0004946434630466519FFF7B8FE14F8013B9C
:1074F00033820022434680213046FFF78BFEAC42A8
:10750000F4D1B7E72DE9F04B042982B0884606464E
:1075100015461C463AD8DFF88CB05BF83170384617
:10752000FFF77CFC8146A8B1384600F0CFF8002177
:107530000B46013120FA01FCA44525D90829F7D1D1
:1075400038232B4343F451733046C6E9007302B02D
:10755000BDE8F08B0BEBC8083846FFF747FC98F8FE
:10756000071098F804000191012200F0C3F8019976
:1075700098F805004A4600F0BDF8019998F8060011
:107580004A4600F0B7F8CFE7DB00DAE7034B0448E0
:1075900004221A60FDF78CFAFBF762FC540100200C
:1075A000DC930108D8A7010882B002AB03E903000D
:1075B00003889BB2994206D023F040039BB203801C
:1075C00089B20388018002B0704700BF10B483B055
:1075D00002AC04E90300581E049C00995FFA80FC89
:1075E0006BB1601EA44410F8013F0B730B89DB07DD
:1075F000FCD50B7BDBB202B103706045F3D10B8984
:1076000003F08203022BFAD103B05DF8044B7047FC
:10761000024B4AF6AA221A60704700BF00300040B1
:10762000074B10B4002045F2555440F6FF714CF65C
:10763000CC421C6058605DF8044B99601A6070473A
:10764000003000401A4B994210B420D2194B994295
:107650000DD801F14041184C184A890A012303FA58
:1076600001F1C0E9004281605DF8044B704701F10F
:107670003F4101F57F01124C124A890A012303FAA6
:1076800001F1C0E9004281605DF8044B704701F1EF
:107690004041A1F5C0310C4A890A0123002403FAB4
:1076A00001F1C0E9002481605DF8044B704700BF20
:1076B00000800140FFFF00401C10024010100240FB
:1076C000181002400C10024014100240004870478D
:1076D00000A24A04064A00F13F4000F57F0091698C
:1076E0000123800A03FA00F0084390619369704710
:1076F0000010024070B58E4B8E4D0409AE6953F8F0
:10770000244004F13F4303F57F034FEA932C012308
:1077100003FA0CF33343AB61AB6900F007039B0042
:107720000F2500F00F0C05FA03FE002959D12AB3EA
:10773000082505FA03F3050725D5656825EA0E0532
:107740002B43002A636025DD012303FA0CF3236138
:10775000A0F10D03012B29D9C1F3031101294ED04A
:10776000022900F08280042974D0052953D007290A
:1077700000F0A080092900F0B18070BD042505FA51
:1077800003F30507D9D4256825EA0E052B43002A03
:107790002360D9DCDCD00CF110034FF0010C0CFAA3
:1077A00003F32361A0F10D03012BD5D8624A634C8A
:1077B0001368C1F3031123F0E06343F080630129F0
:1077C00013606360D9D00229CDD1A0F12603032B29
:1077D00064D8594A5949136843F4406313604B60B5
:1077E00070BD012933D040F20115A9424BD00329C5
:1077F0002BD0CE054BD50D2505FA03F39BE70F28BB
:1078000014D14D4A4D49136823F4407343F48073F7
:1078100013604B6070BD13380228AED8464A474902
:10782000136843F0010313604B6070BD1328E8D068
:107830001A380128A1D8404A4049136823F44073FC
:1078400043F4007313604B6070BD002373E701FACB
:1078500003F370E7183801288FD8374A374913687F
:1078600043F0020313604B6070BDA0F11403012BC1
:10787000ABD8314A3149136823F4406343F40063C1
:1078800013604B6070BD052505FA03F353E7002A2A
:107890003FF74EAF092505FA03F34CE73C380328C0
:1078A0003FF66BAF244A2549136843F480531360B5
:1078B0004B6070BDA0F11603012B1FD9A0F1350359
:1078C000012B2DD9383801283FF657AF1A4A1B49EA
:1078D000136843F0300313604B6070BDA0F11803D0
:1078E000012B13D9303801283FF647AF124A13490C
:1078F000136843F4C04313604B6070BD0E4A0F49D8
:10790000136843F0040313604B6070BD0A4A0B49CF
:10791000136823F4C04343F4804313604B6070BD8D
:10792000054A0649136843F0080313604B6070BDB5
:10793000E4A601080010024084210020000001405C
:10794000704700BF10B5FDF779FC002383F3108862
:1079500062B60B4B0B4A0C4C9A604FF4806000F0FF
:107960006DFC2046FFF742FA084A136823F0E063F3
:1079700043F0007313606360BDE81040FBF728BB61
:1079800000ED00E00000010800000140842100201B
:1079900010B5104A138803F0280182B09CB239B99F
:1079A000220603D50B4CA3891B0606D402B010BDDA
:1079B000908880B200F042F8F2E70DF1070000F085
:1079C0004FF818B142F22C03A381EFE79DF807307E
:1079D000A380EBE700380140024B42F2AC029A81EF
:1079E000704700BF0038014010B5114C2046FFF72A
:1079F000FDF92046FFF76AFE0E4A0F4B00F5E13015
:107A0000A2FB0020400C42F22C0120811022A18117
:107A1000202483F82523722101220A205C60FFF7CD
:107A200069FEBDE81040002272210920FFF762BE06
:107A300000380140C5B3A29100E100E07E2838B5CE
:107A4000054606D0044B054C1A78511C1970A554F4
:107A500038BDFBF7A7F9F5E70823002088210020AF
:107A600010B40A4B0A4993F800C00A7894450346BB
:107A700008D9084C501CA25C087000201A705DF8F0
:107A8000044B70474FF0FF30F9E700BF6C23002034
:107A90006D2300200C2300202DE9F04B294E317876
:107AA00082B0C9B2284F01AA3846FAF78DF8051EF0
:107AB00003DC35D102B0BDE8F08B01993846FAF706
:107AC000F3F8DDF804804FF0000B3478E4B2B4EB47
:107AD000080910D100F094F83378DBB29C421CD135
:107AE00086F8009000F090F8002DE3DDFAF734F905
:107AF00002B0BDE8F08B08EB0B01A9EB0B02394497
:107B000007EB0B0000F078FFFBF74CF900F078F87A
:107B10003378CB46DBB29C42E2D000F075F8D4E774
:107B2000DDF80480B8F1200FCDD10849424638462F
:107B300000F044FF0028C6D1FFF702FFDDF8048003
:107B4000C1E700BF082300208821002000A8010809
:107B50002DE9F04B214F3B7805460E46DBB2DFF8AE
:107B6000808098F80040E4B2A34204D3002488F84F
:107B700000403C70234695F802C0A444BCF1600F5D
:107B800028D9ACEB0303602B01D9BDE8F08B4FF093
:107B9000000B88F800B03978C9B2DFF84890641A51
:107BA00022464944484600F027FF87F800B0E7B274
:107BB00088F80070FFF710FF09EB040032462946F1
:107BC000F9F738FF3844C0B288F80000BDE8F04B40
:107BD000FFF702BFDFF80C90E7B2EDE76D2300205E
:107BE0006C2300200C2300200048704774230020E1
:107BF0000048704700F8012072B6704762B67047BF
:107C0000EFF3108072B6704780F31088704700BFA2
:107C100062B600BF72B67047704700BFEFF30383D0
:107C2000C3F3080343B14FF080736FF0060208B44A
:107C300001A102B41FB51047704700BF08B501216C
:107C40004FF0C05000F0D6FA012000F063FD41F281
:107C50003421042000F064FDBFF34F8F0549064B2B
:107C6000CA6802F4E0621343CB60BFF34F8F00BFDA
:107C7000FDE700BF00ED00E00400FA0500EBC000E6
:107C800000017047401AC00F704700BF014B586891
:107C9000704700BF001000E04FF0E02303490022CE
:107CA0004FF080605A619A614860704700ED00E0D3
:107CB0000D4BD3F8FC20D2010AD4D3F8FC200B4999
:107CC00042F08072C3F8FC200B6843F001030B60A4
:107CD00006494A6800EBC00002EB00124B689B1A91
:107CE000002BFBDB704700BF00ED00E0001000E060
:107CF000704700BF38B5104C104BD4F8FC2042F050
:107D00008072C4F8FC201A68002542F001021A6053
:107D10005D60FFF775FF4FF0E023202284F82320F9
:107D200007221A614FF080625D619D616260BDE86B
:107D30003840FFF769BF00BF00ED00E0001000E031
:107D40002DE9F04BDFF8A480274FDFF8A490DFF88F
:107D5000A4B082B0FFF750FFD8F8006005E0FFF74D
:107D60004DFF002D1EDCFFF747FFFAF7C5FF7B68CC
:107D7000C51AB5F5907F04462A4622DCF21A002A7D
:107D8000EDDA4D4528DB0193FBF712F8019B90B922
:107D900003F58C3606F5A076C8F80060FFF72EFFD5
:107DA000002DE0DD7B68E31A002BDCDD7B68E31A45
:107DB000002BD8DDF6E703F56153C8F800304FF427
:107DC00034724FF0E02300215A619961596102B089
:107DD000BDE8F04BFFF712BF58460193FCF768FE71
:107DE000FBF76AF8019BCEE7001000E0702300204B
:107DF00080CDFDFF84930108074B10B55C68FFF749
:107E0000FBFE064A13681B1B002BB8BF1460BDE8BD
:107E10001040FFF7F3BE00BF001000E07023002009
:107E200000B58446A9B100EB010E4FF6FF701CF8B7
:107E3000013B434083EA0313DBB2010ADA0041EA63
:107E40000321F44582EA131381EA0300EFD15DF8C0
:107E500004FB4FF6FF705DF804FB00BF002103E058
:107E60000B4B5B58435004310A480B4B42189A4263
:107E7000F6D30A4A02E0002342F8043B084B9A4238
:107E8000F9D3FDF7DBF900F075FDFFF75BFD7047F7
:107E900074A80108000000204C0000204C000020C5
:107EA00074230020FEE700002DE9F04191F803C0A3
:107EB0001CF0100F18BF8B7809880CF00F0418BF46
:107EC0001C43CBB21BB30568002301264FF00F08FB
:107ED00002E00133082B19D006FA03F232EA010757
:107EE000F7D14FEA830E08FA0EF725EA070504FAE0
:107EF0000EFEBCF1280F4EEA050531D0BCF1480F4B
:107F000003F1010308BF0261082BE5D10560FF29D9
:107F100024D94568002301260F2702E00133082BEE
:107F20001BD003F1080206FA02F232EA010EF5D183
:107F30004FEA830E07FA0EF825EA080504FA0EFE4A
:107F4000BCF1280F4EEA05050CD0BCF1480F03F137
:107F5000010308BF0261082BE3D14560BDE8F08151
:107F60004261B6E74261D9E74FF6FF7240F2014342
:107F700002804380704700BF01617047038ACA884E
:107F80009BB223F44053134330B58A89038283891B
:107F900023F4B05323F00C030D461B0489881B0CFB
:107FA0000B4329890B4369890B439BB28381838AE5
:107FB0009BB2044623F44073134387B0A382684600
:107FC00000F090F8144B9C4209D003F5C0539C423A
:107FD00005D003F580639C4201D0029B00E0039B27
:107FE0002A680E4903EB8303920003EB8303B3FB80
:107FF000F2F3A1FB03025209642000FB12331B01C0
:108000003233A1FB0313C3F3431343EA02139BB2BE
:10801000238107B030BD00BF003801401F85EB5100
:10802000838921B19BB243F400538381704723F4C9
:1080300000531B041B0C8381704700BF01F01F0C11
:10804000C1F342110123012903FA0CF30DD00229D7
:108050000CBF103014301AB102681343036070472C
:10806000026822EA0303036070470C30F3E700BFA5
:10807000838A9BB212B119438182704723EA0101BE
:1080800081827047C1F308018180704703881942DB
:1080900014BF012000207047C94389B20180704796
:1080A000C1F3421201F01F0C0123012A03FA0CF361
:1080B00013D0022A0CBF028A828A92B2134002882D
:1080C00092B243B10123090A03FA01F10A4214BF33
:1080D00018460020704718467047828992B21340B4
:1080E000EDE700BF2E4A2F4B516852680B4030B469
:1080F0000C014FEA934348BF6FF4F77102F48032EA
:1081000054BF02335B18002A36D1274A02FB03F31F
:10811000234A526802F00C02042A3BD0082A3CD0C1
:10812000224A02601E49224D4C68C4F303142C5DA0
:10813000E24042604C68C4F302242C5D22FA04F44D
:1081400084604C68C4F3C2242C5D22FA04F4C46039
:10815000CC6A04F00F0C174C14F80C40B2FBF4F28C
:108160004261CA6A1449C2F3031230BC31F81220CA
:10817000B3FBF2F303617047094A526892034CBFA4
:108180000E4A0F4A02FB03F3054A526802F00C0242
:10819000042AC3D10A4A0260C4E703601A46C1E751
:1081A0000010024000003C0800093D0000127A0067
:1081B00054A8010824A8010834A80108808D5B0098
:1081C000001BB700044A536911B11843506170474E
:1081D00023EA00005061704700100240044A93698E
:1081E00011B118439061704723EA00009061704715
:1081F00000100240044AD36911B11843D06170479E
:1082000023EA0000D061704700100240044AD3689E
:1082100011B11843D060704723EA0000D060704766
:1082200000100240044A136911B1184310617047ED
:1082300023EA00001061704700100240034B40F039
:10824000BF6040F40030D860704700BF00ED00E030
:1082500000B5C37813B3184B8278D96890F801C081
:108260000078C943C1F302210F23C1F1040ECB40B2
:108270000CFA0EFC1340114A43EA0C031B0102EBFB
:10828000000CDBB241098CF8003300F01F00012321
:1082900003FA00F042F821005DF804FB0378074878
:1082A0005A09012103F01F03203201FA03F340F8B9
:1082B00022305DF804FB00BF00ED00E000E100E0CB
:1082C000426810B4D1E9003422F4702222F48072A2
:1082D00043EA042313434360D1E9032313438A6829
:1082E000846843EA4203084A2240134383600A7DBC
:1082F000C36A5DF8044B013A23F47003D2B243EA37
:108300000253C362704700BFFDF7F1FF122910B599
:1083100041D009291ED8046901EB410E4FF0070C2A
:108320000CFA0EFC03FA0EF324EA0C042343036157
:10833000062A21D8013A436B02EB82024FF01F0C50
:108340000CFA02FC23EA0C0C01FA02F343EA0C03D8
:10835000436310BDA1F10A0CC4680CEB4C0C4FF048
:10836000070E03FA0CF30EFA0CFC24EA0C0C43EA99
:108370000C03062AC360DDD90C2A13D8073A036B15
:1083800002EB82021F24944023EA040401FA02F360
:108390002343036310BDC46D24F0070C43EA0C03B0
:1083A000C365C5E70D3AC36A02EB82021F249440FD
:1083B00023EA040401FA02F32343C36210BD00BFA1
:1083C00008B5364B98421FD0B0F1804F28D0344BBF
:1083D00098422FD0334B98420CD0334B984233D035
:1083E000324B98423AD0324B984241D0314B98426E
:1083F00048D008BD01210420FFF714FFBDE8084064
:1084000000210420FFF70EBF01214FF40060FFF7A9
:10841000FDFEBDE8084000214FF40060FFF7F6BE06
:1084200001210846FFF7FEFEBDE8084000210120BB
:10843000FFF7F8BE01210220FFF7F4FEBDE8084077
:1084400000210220FFF7EEBE01210820FFF7EAFE1F
:10845000BDE8084000210820FFF7E4BE01211020FC
:10846000FFF7E0FEBDE8084000211020FFF7DABE6C
:1084700001212020FFF7D6FEBDE808400021202082
:10848000FFF7D0BE01214FF40050FFF7BFFEBDE85B
:10849000084000214FF40050FFF7B8BE002C014007
:1084A0000004004000080040000C004000100040A4
:1084B0000014004000340140674A0368904210B441
:1084C00012D002F5006290420ED0B0F1804F0BD076
:1084D000A2F59832904207D002F58062904203D014
:1084E00002F58062904203D14A8823F0700313435F
:1084F0005A4A904200F09B8002F5806290423ED042
:10850000CA88554CB1F804C023F440731343036088
:10851000A0420B88A0F82CC0038540F097800A7A0F
:1085200002860123838203684A7A002A70D043F4CA
:108530000063B0F1804F39D0494A904236D002F5FD
:108540008062904232D002F5806290422ED0424A40
:10855000904245D002F50062904241D0B0F1804F88
:108560003ED0A2F5983290423AD002F58062904215
:1085700036D0036043685DF8044B436070478A88D7
:10858000036082850B88038501238382B0F1804FCD
:108590000368C9D0324A9042C6D002F58062904248
:1085A000C2D002F580629042BED0D0E78A7A002A1B
:1085B00037D043F48053CA7A82B343F40053B0F106
:1085C000804F06D0264A904203D002F58062904246
:1085D000BDD10A7B42B3204A904243F48043B9D1D3
:1085E0004A7BC2B143F400430360B0F1804F43685B
:1085F00006D01C4A904203D05DF8044B436070479C
:108600008A7BEAB143F480735DF8044B43607047A2
:1086100023F400638DE723F40043E5E723F40053DC
:10862000CDE723F48053C6E723F480438FE78A889D
:10863000036082850A88028501238382036886E7B6
:1086400023F480735DF8044B43607047064B9842F7
:108650003FF465AF98E700BF002C014000100040D8
:1086600000040040000800400034014000234FF6A1
:10867000FF72038043808280C380038143818381B2
:1086800083737047036819B143F0010303607047B7
:1086900023F001030360704783899BB212B1194331
:1086A0008181704723EA01018181704783899BB2F0
:1086B00012B119438181704723EA0101818170471A
:1086C000B0F808C042EA032319435FFA8CFC4CEA75
:1086D000010C1FFA8CFCA0F808C003899BB243F47C
:1086E00080430381704700BF01858282704700BFCD
:1086F0000369828913EA010092B203D00A4214BFCF
:1087000001200020704700BF036923EA01010161D5
:10871000704700BF014B1862704700BF00000E4257
:1087200082B0054B002201920193019B18440190F5
:10873000019B196002B07047006C004002684D490F
:108740004FF6FE7C002302EA0C02884202600360BE
:1087500043608360C36033D0474B98422AD0474B75
:10876000984239D0464B98423CD0464B98422DD047
:10877000454B98423CD0454B984245D0444B98429B
:1087800048D0444B984239D0434B984248D0434B51
:1087900098424BD0424B98424ED0424B984251D0D7
:1087A000414B984254D0414B984257D0404B98424D
:1087B0005AD070473F4A536843F0F0035360704704
:1087C0003C4A536843F00F0353607047394A53687B
:1087D00043F4702353607047364A536843F4706320
:1087E00053607047334A536843F470435360704793
:1087F000304A536843F47003536070472E4A5368FD
:1088000043F00F03536070472A4A536843F0706384
:1088100053607047274A536843F070435360704772
:10882000254A536843F0F00353607047224A536867
:1088300043F47063536070471F4A536843F47043B6
:10884000536070471C4A536843F470235360704769
:10885000194A536843F4700353607047164A5368CB
:1088600043F0706353607047134A536843F070439A
:1088700053609EE7080002401C00024030000240A6
:1088800044000240580002406C0002408000024058
:1088900094000240080402401C04024030040240DC
:1088A00044040240580402406C0402408004024028
:1088B0009404024000000240000402408B680A69F0
:1088C00010B40C6A23431343D1E905241343234313
:1088D000CC69026823434C6A23438C6A22F4FF422A
:1088E00022F0700223431343CC680360D1E90023D4
:1088F000446082605DF8044BC36070470023C0E9A8
:108900000033C0E90233C0E90433C0E90633C0E9EB
:1089100008338362704700BF036819B143F0010355
:10892000036070474FF6FE7213400360704700BF4C
:10893000036812B119430160704723EA0101016025
:10894000704700BF41607047406880B2704700BF09
:108950000B68184214BF0120002070474860704720
:1089600023B101231061C1F8A8307047C1F8A830C5
:10897000704700BF70B50D4D0D4C641BA410002650
:10898000A64209D10B4D0C4C00F058F8641BA41002
:108990000026A64205D170BD55F8043B9847013624
:1089A000EEE755F8043B98470136F2E76CA801085A
:1089B0006CA801086CA8010870A8010810B501395D
:1089C0000244904201D1002005E0037811F8014FE4
:1089D000A34201D0181B10BD0130F2E70A449142B6
:1089E00000F1FF3300D1704710B511F8014B03F8C7
:1089F000014F9142F9D110BD884210B501EB02043C
:108A000002D98442234607D8431EA14208D011F858
:108A1000012B03F8012FF8E7024401468A4200D1F6
:108A200010BD13F8014D02F8014DF7E7024403466B
:108A3000934200D1704703F8011BF9E7F8B500BF76
:108A4000F8BC08BC9E467047F8B500BFF8BC08BC2F
:048A50009E46704787
:108A5400F200000000000000000000004144432038
:108A64006F7574206F662072616E67650000000088
:108A7400616E616C6F675F696E5F737461746520AA
:108A84006F69643D2563206E6578745F636C6F6302
:108A94006B3D25752076616C75653D256875000014
:108AA400496E76616C6964206D6F766520726571BC
:108AB400756573742073697A65000000616C6C6F6E
:108AC400635F6368756E6B206661696C6564000042
:108AD4004D6F7665207175657565206F7665726674
:108AE4006C6F7700496E76616C6964206F696420ED
:108AF400747970650000000043616E27742061730F
:108B04007369676E206F6964000000006F696473A5
:108B140020616C726561647920616C6C6F6361744F
:108B240065640000636F6E6669672069735F636FD5
:108B34006E6669673D2563206372633D2575206910
:108B4400735F73687574646F776E3D2563206D6F12
:108B540076655F636F756E743D256875000000006F
:108B6400416C72656164792066696E616C697A65CD
:108B740064000000616C6C6F635F6368756E6B7397
:108B8400206661696C656400636C6F636B20636C61
:108B94006F636B3D25750000757074696D652068A1
:108BA4006967683D257520636C6F636B3D257500AF
:108BB400737461747320636F756E743D25752073CF
:108BC400756D3D25752073756D73713D25750000B8
:108BD400436F6D6D616E64207265717565737400A9
:108BE4006964656E746966795F726573706F6E73BC
:108BF40065206F66667365743D25752064617461D4
:108C04003D252E2A7300000070615F76616C7565E6
:108C14002076616C75653D25750000007065656C96
:108C24005F646174612076616C75653D256900003F
:108C34006D63755F76657273696F6E2079656172B5
:108C44003D257520646174653D25752076657273D4
:108C5400696F6E3D25750000706172616D5F7661AC
:108C64006C75652076616C75653D2575207265733C
:108C7400657276653D257500747269676765725F14
:108C84007468726573686F6C642074687265736865
:108C94006F6C643D256900004D6178206F66203853
:108CA40020627574746F6E73000000005365742045
:108CB400627574746F6E2070617374206D6178696D
:108CC4006D756D20627574746F6E20636F756E744C
:108CD40000000000496E76616C69642062757474EA
:108CE4006F6E732072657472616E736D6974206344
:108CF4006F756E7400000000627574746F6E735F3C
:108D04007374617465206F69643D25632061636BCE
:108D14005F636F756E743D25632073746174653D84
:108D2400252A7300436F6D6D616E642070617273E8
:108D34006572206572726F72000000004D65737376
:108D440061676520656E636F6465206572726F721A
:108D540000000000496E76616C696420636F6D6D7C
:108D6400616E640000000500000000006465627527
:108D7400675F726573756C742076616C3D25750050
:108D8400706F6E6720646174613D252A7300000072
:108D9400656E6473746F705F7374617465206F695A
:108DA400643D256320686F6D696E673D2563206EA1
:108DB4006578745F636C6F636B3D25752070696EB5
:108DC4005F76616C75653D25630000004D697373C2
:108DD4006564207363686564756C696E67206F668B
:108DE400206E657874206469676974616C206F759E
:108DF40074206576656E74005363686564756C658C
:108E040064206469676974616C206F757420657689
:108E1400656E742077696C6C206578636565642081
:108E24006D61785F6475726174696F6E0000000033
:108E340043616E206E6F742073657420736F667463
:108E44002070776D206379636C65207469636B733C
:108E5400207768696C65207570646174657320702F
:108E6400656E64696E6700007570646174655F6443
:108E740069676974616C5F6F7574206E6F742076B6
:108E8400616C6964207769746820616374697665CC
:108E940020717565756500006932635F7265616490
:108EA4005F726573706F6E7365206F69643D2563CF
:108EB40020726573706F6E73653D252A7300000020
:108EC4006932635F6D6F646966795F626974733A6E
:108ED400204F6464206E756D626572206F66206237
:108EE4006974732100000000496E76616C69642026
:108EF4006E656F706978656C20646174615F736915
:108F04007A650000496E76616C6964206E656F70E5
:108F14006978656C2075706461746520636F6D6D2C
:108F2400616E64006E656F706978656C5F726573FD
:108F3400756C74206F69643D256320737563636584
:108F440073733D2563000000636F756E7465725F13
:108F54007374617465206F69643D2563206E657860
:108F6400745F636C6F636B3D257520636F756E74FE
:108F74003D257520636F756E745F636C6F636B3D25
:108F8400257500005363686564756C6564207077AB
:108F94006D206576656E742077696C6C20657863E6
:108FA400656564206D61785F6475726174696F6E64
:108FB400000000004D697373656420736368656421
:108FC400756C696E67206F66206E657874206861C1
:108FD40072642070776D206576656E740000000001
:108FE40045626F61726420636C6F73653D256875BB
:108FF40020436C6F73655F6E756D3D2568752054F5
:10900400656D705F77616B6574696D653D25687525
:109014000000000069735F73687574646F776E2075
:109024007374617469635F737472696E675F696492
:109034003D2568750000000073656E74696E656C8B
:109044002074696D65722063616C6C656400000056
:1090540053687574646F776E20636C6561726564C0
:10906400207768656E206E6F742073687574646F02
:10907400776E000054696D657220746F6F20636CA5
:109084006F7365007374617274696E670000000029
:1090940073687574646F776E20636C6F636B3D25C2
:1090A40075207374617469635F737472696E675F4A
:1090B40069643D2568750000496E76616C696420B9
:1090C4007370695F616E676C652063686970207492
:1090D40079706500616E676C652073656E736F727D
:1090E4002072657175697265732063732070696E8F
:1090F400000000007370695F616E676C655F747275
:10910400616E736665725F726573706F6E736520EE
:109114006F69643D256320636C6F636B3D25752027
:10912400726573706F6E73653D252A7300000000CD
:10913400496E76616C69642073706920636F6E6632
:10914400696700007370695F7472616E736665723B
:109154005F726573706F6E7365206F69643D25631C
:1091640020726573706F6E73653D252A730000006D
:109174005374657070657220746F6F20666172201D
:10918400696E207061737400496E76616C69642045
:10919400636F756E7420706172616D6574657200C1
:1091A40043616E27742072657365742074696D65FC
:1091B400207768656E2073746570706572206163D2
:1091C4007469766500000000737465707065725F81
:1091D400706F736974696F6E206F69643D256320D5
:1091E400706F733D25690000496E76616C69642077
:1091F400746865726D6F636F75706C652063686900
:109204007020747970650000746865726D6F636FA7
:1092140075706C655F726573756C74206F69643DFD
:109224002563206E6578745F636C6F636B3D257591
:109234002076616C75653D2575206661756C743D9D
:1092440025630000546865726D6F636F75706C659B
:1092540020726561646572206661756C740000003B
:10926400746D6375617274206461746120746F6FCE
:10927400206C617267650000746D63756172745F60
:10928400726573706F6E7365206F69643D2563202A
:10929400726561643D252A730000000043616E27F6
:1092A4007420616464207369676E616C2074686102
:1092B4007420697320616C726561647920616374E0
:1092C40069766500747273796E635F737461746533
:1092D400206F69643D25632063616E5F7472696702
:1092E4006765723D256320747269676765725F7292
:1092F4006561736F6E3D256320636C6F636B3D2501
:1093040075000000636F6E6669675F7265736574EC
:10931400206F6E6C7920617661696C61626C652086
:109324007768656E2073687574646F776E000000EB
:10933400736F66745F693263204E41434B000000D3
:109344004E6F7420612076616C696420696E70755B
:10935400742070696E0000004E6F7420616E206F7F
:1093640075747075742070696E0000004E6F7420FF
:10937400612076616C6964204144432070696E0009
:1093840052657363686564756C65642074696D65A2
:109394007220696E20746865207061737400000027
:1093A4004661696C656420746F2073656E6420691E
:1093B40032632061646472006932632074696D658C
:1093C4006F757400556E737570706F727465642078
:1093D4006932632062757300496E76616C6964203A
:1093E4007370692062757300496E76616C696420DC
:1093F40050574D206368616E6E656C0050574D2068
:10940400616C72656164792070726F6772616D6DF1
:10941400656420617420646966666572656E742093
:1094240073706565640000004E6F7420612076617E
:109434006C69642050574D2070696E0073656E73BB
:109444006F725F62756C6B5F737461747573206F98
:1094540069643D256320636C6F636B3D25752071E2
:10946400756572795F7469636B733D2575206E65EC
:1094740078745F73657175656E63653D25687520E5
:1094840062756666657265643D257520706F7373D9
:1094940069626C655F6F766572666C6F77733D2584
:1094A4006875000073656E736F725F62756C6B5FD5
:1094B40064617461206F69643D256320736571750F
:1094C400656E63653D25687520646174613D252A78
:1094D4007300000000004002C4A6010864004003B9
:1094E4000CA601086500400208A6010866000A02ED
:1094F40010A601086700170414A6010868001404E4
:1095040018A60108690040031CA601086A001D068C
:1095140024A601086B0040032CA601084F00060096
:109524000000000050000901F0A5010851000E02DE
:10953400F4A5010852000F0320A6010853000B01F3
:109544005CA601085400150398A6010855001002F2
:10955400BCA6010856000B01C0A6010857000B0168
:109564005CA601085800150398A6010859001002CA
:10957400BCA601085A000B01C0A601085B00120436
:10958400C8A601085C004001CCA601085D000B01DF
:10959400C0A601085E000D02F8A501085F001104D1
:1095A400FCA501086000110400A601086100100375
:1095B40004A601086200400208A6010863004002F4
:1095C40008A6010878DA9D590B6FDC3612FE2BBC15
:1095D40005826B8BD85849FB34101C1CC74D82D6AE
:1095E400891BDBD7030E074196B8BB82B592AA87C5
:1095F4001F2DF2DFEF9B19927AECA6C55D806445BE
:109604007238E40C67BE79E48F49549693B3C94F1A
:10961400595A96BA9ABC9EDCB76996848FBAAAD373
:1096240022AFB1B48DE333F5DDFB4F77EABCDAAB9F
:10963400CBFDBD4E129DA8DBA2C8E25D94E6CA9B99
:109644009E0627FED4F74EBDE9F73C3AF5148DA7E4
:109654002B7FA6BEAB74A6A35A7FAFEED3BC6DD24C
:10966400ACFE5FB8F9A7C1E2D43B656E0BDFC3FD66
:10967400E262BF8FF20437FB6312655911478D0E06
:109684008B34A9555CB479F3E6553C39F366244729
:10969400D34080308A1F149631DF2398F70992C48F
:1096A400129445CD3F69FEE655ABCA36CBC2B6949B
:1096B4000D8B6EC36FADAE5E1C4FDCE081A82B5DDD
:1096C400376193C60FB58C9A2ACAEB7DDA84F654B7
:1096D40095E6D0AA397F0E41A0962AAC776D9314F3
:1096E4004FF9E46C45B2E59B748B1B3D67C16C6E0E
:1096F4008FA8CB3494CFC9D9D2EBA8F2282BB621AA
:1097040054666FCFD79E9C056B4763AE6C29641873
:10971400F6F4B074A43CA9AB21B3810E1633479C74
:10972400A4DBB489B2B0689BD186C7286B358D138E
:10973400BD89DAAC09DDC43E7A0E93B68A1AD8150F
:10974400DFD30F1C3F8D076D8A72C02B1E1C1E7445
:10975400C4A91F2BAB8FF9D44D6769ED274F4795EB
:10976400D64999EBA24C9F7536BA7512355158A754
:10977400BFE3A2BB1686DA8474DBDE6BD61A5369A8
:10978400EEA6A00DDF312D9FF6473411BFE0853BD7
:109794001E460F603FD20C660E5433EFA48520633F
:1097A400C664D44DFAA8C35DBADDB184B3799F1EF3
:1097B400A6B1CDF4A126945B0B9B97528B6E668366
:1097C4009DD61C8F6D364BE1BEDEBE79F5031C7051
:1097D400361DEC7D4A9B1DD410C6B57B9E598F7BEC
:1097E400A309611C630C43F3CE495AD94FF11126E6
:1097F400EEA8DAACD63DCDFB9D7D373B5DED0B98F5
:109804006E7954DEFE7227F2A2F3B4661FB751E5F7
:109814005EAE7A0E0FEC5E356E92ECA249F75A9E5C
:10982400A8778BAA7EC93B9B0C606E89BE6F616D65
:1098340005B0D59BDB21D86CD9D4447DDEC22E542F
:109844003A02065589AEE8400052C547782B4BF0E2
:1098540054A58D3EA0209B12429CA8F7BADAEA3C9C
:109864007E09C9932667B89EF1AA7057ECF5015E8C
:10987400D5D1BEECDBA7193BB41AE219AEDE79B23E
:10988400C8EB945CA5DBADAE48889ACC9734E077FE
:1098940087335AE24E51A33B0D79DD7AA5E3026F7B
:1098A4003EA680696D52201C7C321435ABB88A45C3
:1098B4005A70DFC21FEFA33A8DC332AAA2BDCADB1E
:1098C4003DAFCD6489A504A56786CC00E340C61AE4
:1098D400CF8E8D22110C426669D2C43D5C40E6DA1B
:1098E400921E1C3B711FE04EB82F9274F312C212E9
:1098F4001CA8569ADD41193CA78B61D578C842B69D
:10990400C9030FE9692ECCB438FC6C2984BCBD753D
:10991400BC690A43C620A8877EE9ED752D9E305B9D
:1099240077BBEA62D33C4595EE6FAFE3CCDA6E9D2C
:1099340044F6F318A785B9A83134D9DE99EA0C9610
:1099440098263A6F20BC2A361B1CC848D445DCD75D
:10995400130BADB84D9EB8875C4C7B2B6D99748FFF
:109964002CD176D7F68E59800D9E85D0ADC895FC46
:10997400B0F5C9C3C391C49A46017260AA80B4E920
:10998400888E6DABED5069B17604E318FA7FBAC7DF
:10999400BE730F03E7DD0879C0161B773A7EE845EE
:1099A400DE6065EF300ABCEE066501081A9FDF8BA6
:1099B4003F8165300C7C63652C8664635D2C9D520D
:1099C4000F02C737521B7208C4897423822CDD3DF1
:1099D4008E81F13778F4F43550970C1004E0F8498F
:1099E4004F5B8B251FD2EA6399873BA3E8C767DFE8
:1099F400B35B46E1D991BB278265F99698228EF331
:109A04003E7A17C1586BEA3B761BFCA638014F58C7
:109A1400E93DD02B2C35520A67AF500AADC049F04E
:109A2400B5329FCC5980697C13B0C22B114D5FBAFB
:109A34005142051F5B1F10B16C9C68389E83AC03B8
:109A44009C7DD994EB677305445BE7E069C59CFD95
:109A5400A510594DFD4506037D79B2C1627FB383DC
:109A64008CBB224B94FB7AF38A5404B22EE7A08C6D
:109A740078D3597AE7F74B43D7438E3EF878767517
:109A8400808D3465B011A8AC7BC8862D41B7E5182C
:109A940030EED3BAB070B82FEAD4A1649C3D74F30D
:109AA40023A68BB930FDB61C339243F29C90A207D7
:109AB400102E6528B3DEE6CF3B028E7E64B2A2434D
:109AC400E5C2692FB86207229AC95206EA61A076F4
:109AD40071447261989AD9CD6F033F3D62F6809EBE
:109AE4007947D7F4B31F5D1695899DE2B23C76EFB2
:109AF400AF9FCB146AECC7F985E33492A24F0409F3
:109B040004F88F396F67DEFEF4ABCDA8A8B63B7FAF
:109B140077115E9DFF8BB2CC352EFCF6EE26BCFE93
:109B2400F8E986B27F0F55E9F5DBC5EBEBB7CBC996
:109B34006825E2A51596D6A3259F5710C7F18FD7A0
:109B44005FC39332C373303C5FE2EF7CBC2A4C6743
:109B5400D839C7DF60B46C18D3B247EBDE9820382D
:109B6400D87EF1F3E78B9FC21FBF5CFE42B5EA6C5F
:109B7400CA7F5E4FAE2EEE405A37FBC0DF78D3E08B
:109B84005983F4FAD72B51834F35E397CB8BCB8F83
:109B9400FFBC0C7FFDF8E9DDE75F298ACC68F2E6BB
:109BA400F20B26E53C5DA55146277E20593F901ACD
:109BB400B0FCF1FCE7F0EDF9DD3BAABAA6333AECD0
:109BC400E6F6FCF626BCB9BBBAF9052B379774C286
:109BD40082A62FAFAF2FBF846F3FDF7E082FDFBD7C
:109BE400C7BCF795B2B516F92517285C799BC4C490
:109BF4007C427F921F91AA3CFE82567CEC832FD933
:109C0400C7BCBDBC02E3F3DBBB2F7C162E7E7D3EBE
:109C14009D9CFD7BFADA5BFC0783B734404E2CA392
:109C24000B1A218F94D13B1A210991D1258D508D86
:109C3400CAE8471AAD2C97F7345A3397AF03F0416B
:109C4400F6CF2D032F0802BE6E54CFA7B365C217FB
:109C54006E323D9F7AFEBD5CDA200B918B71080059
:109C6400917002543E3390A79DD106C4D494BCA9EC
:109C740042861FA6891159B19D6F240310903FCFCE
:109C8400C85D5F94CD6D13494A2FA25CE545A3E0FE
:109C9400B78AF04A0189057E15BB9F7ADAA5F816C2
:109CA40037AA550920C049E433BCF7EF0D452555C3
:109CB400A75B700504478D4A6B1599B3A45814F03B
:109CC40031C43591920B4A8E2CB31CA638BCE338B0
:109CD4009D2B5BB1B9FD10FE42BA2F0A59372C4DAA
:109CE400E9AA2A2A0E7776A1D288A375C3ED8C1F20
:109CF400235C1A21A1508C5C54B753CE2969F147D7
:109D040009F20A06AEE25D94E73A9372DE2ED8DEDB
:109D140045D74A91202CE583A532ED204E0EBB3960
:109D240090292E0C3422B8741AEC22C56B7B4B4557
:109D340025BFB48BECB26B10B89680C0DCC1BAC935
:109D440065DDF941EF0250AC1283A35AC5CE52250A
:109D5400CF6645697B7FD2821E85E1DEBCC9C6E23F
:109D64005D5A1A6EB39EE0836CAB4743DD9FABE84C
:109D740099EC6E657528ED932B24FBD1562B148931
:109D8400086DF6ED20DB555AD778A71A396AD266E2
:109D940054A46233250CCA00361BB27ED4A47CCAF8
:109DA400ABBEBD611755091BAFA1A63AEE8A34CEEE
:109DB400D995A24A6F93154F52157F82C5474AC45D
:109DC400217761B0A096417F81EC83172847EB2F60
:109DD400A47929A98AC45D5ECAE9A6DD74C0F8E93C
:109DE4001CA1AC8A2D6C628FAB4724DB06411CB7E7
:109DF40084AE35392225355FB4118AEC169E50E1C4
:109E0400185235AC898C9AFA2C378EE0403BEA29FB
:109E1400CD32C4C918FC064D1D49DEBA9D4E437FA0
:109E2400B283DA1C3770487943BE0051A4FB766FC5
:109E3400E7AC3F40FC1BDBB8E13214CCD8851953A6
:109E44005C8791C88C4F3745A136114B2792519EA0
:109E540071DB3729521908B95525E5CA2DEB8376EC
:109E64002245A835D7C87779DD96942668F16FB175
:109E74006F10736B16554F9B3F8007E180B4297AAE
:109E8400F375B7002314630750D445C5FE895C03FA
:109E940045756D9EB26B35094C157906647B048358
:109EA400E83EB380E52495BA589914A82BAF7BE516
:109EB400FB99FA0CC84458BBA7AC6543CD9DFA6F17
:109EC40092D47337D9A1A7E93127D204A8A90806E7
:109ED4005619EB88B14C4BD01EE136F7263F9D5FF7
:109EE400FC245D20DB5E222C61C565514591E01B9D
:109EF4002911BD96D836B5D20CEE8AE750330881C5
:109F0400E6A0A1459106E941E0ADE6730E4A66B0CC
:109F1400E0A02583C59C9F1E83C56289EFE02B3892
:109F240065690C5563FF847AF1EFAF7F7EA4C404A6
:109F3400BA2D81179A63DFE57D41DECC8FCD95CFB5
:109F4400057D85DC6AC1E856EFCBF0297AD0D212C0
:109F5400A3B260E5D33B9A927AD0D16174088F950D
:109F64005E2784E6B6B53ED812F50A66C52B92651F
:109F74009FD01B4921D525B56B6720087DA6E1C379
:109F8400692F378D68CE5A07E7FF54B4B9920EBBD8
:109F9400B9ADCE75F89F5DDBEC301F6177FA893F70
:109FA400EF7A79353CC6B5E6D641D7EA1A70DE15A4
:109FB4002882B78767F43B6DD83EEF1A48A17D9D90
:109FC4005EA9CF63AB9675D7A4E9D1BA6E8DD429B7
:109FD400A7444BD95AA71135CE5FCC6B82AAD713AD
:109FE400532F0016C3870B2333CF62521EEADA3C89
:109FF4004605B64E6BE398DB4C31DD71C11D1E1670
:10A00400D05A016DE76960F368857392EAD1104113
:10A0140017546887EC4E860445E60A9E0659FBAD44
:10A02400D53557BD042548E450D2F10E7B1F8AFD77
:10A0340079AC47BDA713DF1BEE19344ABAAE81E9E8
:10A0440075D8A248EAEA3ECBFB96E34A223D1C645B
:10A054005AC0A7D006BEDA183D97E51D64DBA6D327
:10A06400F177F08E55D107D6D06FB50CCC22189667
:10A07400AD7F654614B2B92EE40C73B996F4B6EE0E
:10A084008CBFE65E2BFDD4BFC9C3ACBAAA7654F22A
:10A094004A930F8FB49E8DD06B682447E1A195E855
:10A0A400632CA757081F4A4025B0484BB0FB175DE7
:10A0B4008955D02F803B978C23578D1F6D6CF7E00B
:10A0C400E68462AE348795FC2F4CDB5B5DAD81B0DA
:10A0D400AE953CF907FD7FE662BA98FAA1174C7D6C
:10A0E4006F79F23BC2D5F6398D903C9296BFFE173C
:10A0F400E425DA2B300B0000000000000000000013
:10A104000000000000000000010002010200000045
:10A1140030A60108891501080200010001000000B1
:10A124005CA601081D1701080300000000000000E0
:10A1340000000000CD160108040001000100000029
:10A14400C0A60108ED160108050002000200000087
:10A15400BCA60108ED15010806000000000000007F
:10A1640000000000D11501080700010001000000F3
:10A17400C0A60108991601080800000100000000AB
:10A18400000000008515010809000001000000001E
:10A1940000000000691501080A0000010000000029
:10A1A40000000000711401080B0000010000000011
:10A1B40000000000511401080C000100010000001F
:10A1C400C0A60108B11301080D0000010000000041
:10A1D400000000006D1301080E00010001000000E2
:10A1E40034A60108311301080F000001000000002B
:10A1F40000000000151E010810000201010000000B
:10A20400CCA60108ED1D01081100030103000000A4
:10A2140038A60108AD1D0108120002010200000069
:10A224003CA60108651D010813000200020000009D
:10A2340030A601083D2401081400020002000000B9
:10A2440010A60108452301081500030003000000BF
:10A2540038A601080D2301081600020002000000C0
:10A264003CA601083522010817000500050000007E
:10A2740040A601080D200108180002000200000099
:10A2840010A60108A5400108190001000100000002
:10A2940034A60108594001081A0002000200000017
:10A2A4003CA601080D4001081B000200020000004A
:10A2B40010A60108D53F01081C000400040000009A
:10A2C40048A60108213F01081D0005000500000003
:10A2D4004CA601088D3D01081E000100010000008C
:10A2E40034A60108D91F01081F0001000100000065
:10A2F40034A60108791F01082000080008000000A6
:10A3040054A60108FD1E01082100030003000000FB
:10A3140060A60108191E01082200020002000000C4
:10A3240010A60108B548010823000200020000003D
:10A334003CA6010869480108240004000400000048
:10A3440018A60108F94701082500010001000000D2
:10A3540034A601083547010826000800080000005B
:10A3640064A601088D0F0108270002000200000006
:10A374003CA60108A10E0108280004000300000007
:10A384000CA60108F13901082900030002000000AD
:10A3940008A60108E93B01082A00030002000000A6
:10A3A40008A601089D3B01082B00040004000000DE
:10A3B40014A601084D3A01082C0001000100000018
:10A3C40034A60108313A01082D00030003000000FF
:10A3D4006CA60108A93901082E000500030000003D
:10A3E40070A60108752501082F0004000300000071
:10A3F40074A60108FD2401083000030002000000D7
:10A4040008A60108BD24010831000400040000006E
:10A4140014A60108712401083200010001000000A3
:10A4240034A601085524010833000300030000008A
:10A4340078A60108F92B010834000300030000008A
:10A4440004A60108312B01083500060006000000AF
:10A454007CA60108512A010836000200020000000F
:10A4640010A60108D91801083700050005000000EE
:10A4740084A60108791801083800040004000000CB
:10A48400FCA501082518010839000200020000009B
:10A4940010A60108E91701083A00040003000000AF
:10A4A4008CA601089D4501083B000500050000003D
:10A4B40090A60108B54201083C000100010000001B
:10A4C40034A60108552701083D00040003000000DC
:10A4D4002CA60108012701083E0005000500000024
:10A4E4009CA60108A52601083F0004000400000002
:10A4F40014A60108A129010840000300030000007C
:10A504006CA60108012901084100060006000000AC
:10A51400A4A6010851380108420005000500000006
:10A52400ACA6010815560108430006000600000009
:10A53400B4A60108694101084400030003000000B7
:10A5440060A601082D41010845000100010000003A
:10A5540034A6010859310108460002000200000037
:10A564003CA6010811310108470002000200000066
:10A5740010A60108CD3001084800030002000000C5
:10A5840008A6010829340108490004000400000059
:10A5940018A60108E93301084A000300030000007B
:10A5A40060A601080D3301084B0001000100000002
:10A5B40034A60108F55801084C000200020000000E
:10A5C4003CA60108AD5801084D000200020000003D
:10A5D40010A60108695801084E000001000000009F
:10A5E400000000003D7C01084F0000000200000054
:10A5F4000002000004010000040400040404040038
:10A60400040002000407000004040700040400001E
:10A614000400000004000004040007000202020019
:10A62400040000020002000004020700000400000D
:10A6340004000000040000000400000004000404FE
:10A6440000000000040002030404040400000000ED
:10A6540004000004000404040100000004040400D5
:10A6640004000004000202040400040004070700BC
:10A6740004070000000002000400000202000000C1
:10A6840004000004040000000407040004000400A3
:10A6940000000000000000000400020000000000B0
:10A6A400040000000000000004000000000000009E
:10A6B400040000000004000000000000000000008E
:10A6C400000600000400040207000000000000006F
:10A6D4000400010603542021222352022512FE0005
:10A6E40000080140000C014000100140001401402A
:10A6F40000180140001C01400020014000000040FF
:10A70400000122000000004001022200000000407D
:10A714000203220000000040030422000000004065
:10A724000F0112000000004013021200000000405C
:10A734001A031200000000401B0412000004004031
:10A744000601120000040040070212000004004049
:10A754001003120000040040110412000004004021
:10A7640026012200000400402702220000040040C9
:10A7740028032200000400402904220000080040AD
:10A784003C012200000800403D0222000008004075
:10A794003E032200000800403F042200000800405D
:10A7A40016012200000800401702220000080040A1
:10A7B400180322000008004019042200005400403D
:10A7C40016170000005400401819000000580040FB
:10A7D4001A1B0000003800401E1F1D5200300140AB
:10A7E400060705520030014014151352003800408A
:10A7F40022231A52003C004014151362201C2052DC
:10A804006571756573742053657269616C20426F5C
:10A814006F746C6F616465722121207E00000000FA
:10A8240001020406080A0C102020202020202020E9
:10A83400010002000400060008000A000C001000D9
:10A84400200040008000000100010001000100011F
:10A8540000000000010203040102030406070809C2
:08A864009862FF7F0100000073
:04A86C00B501010829
:04A870009101010849
:10A87400ECFFFFFF1000000020000020200000205B
:10A884000000000000000000052C0108000000008A
:10A894002C000020092C010800000000000000002A
:10A8A400792E010800000080004495080200000091
:0CA8B4000100ECFF050041CF3200000065
:0400000508017E5D13
:00000001FF
