:020000040800F2
:1000000038B20024B90300082901000019010000DA
:1000100021010000790000008102000000000000C2
:100020000000000000000000000000003901000096
:10003000110100000000000031010000410100003A
:10004000E5030008E5030008E5030008E5030008F0
:10005000E5030008E5030008E5030008E5030008E0
:10006000E5030008E5030008E5030008810000003F
:10007000C9000000E5030008E5030008E5030008E7
:10008000E5030008E503000801000000000000008F
:10009000000000000000000000000000E503000870
:1000A000E5030008E5030008E5030008E503000890
:1000B000E5030008E5030008E5030008E503000880
:1000C000E5030008E5030008E5030008E503000870
:1000D000E503000821020000E5030008E50300082D
:1000E000E5030008E503000800000000E503000840
:1000F000E5030008E5030008E5030008E503000840
:10010000E5030008E5030008E5030008E50300082F
:10011000E5030008E5030008E5030008E50300081F
:10012000E5030008E5030008E5030008E50300080F
:10013000E5030008E5030008E503000800000000EF
:1001400000000000000000000000000000000000AF
:10015000E5030008E5030008E5030008E5030008DF
:10016000E5030008E5030008E5030008E5030008CF
:10017000E5030008E5030008E5030008E5030008BF
:10018000E5030008E5030008E5030008E5030008AF
:10019000E5030008E5030008E5030008E50300089F
:1001A000E5030008E5030008E5030008E50300088F
:1001B000E50300080000000000000000E50300085F
:1001C000E5030008E503000800000000000000004F
:1001D0000000000000000000E5030008000000002F
:1001E000000000000000000000000000000000000F
:1001F0000000000000000000E5030008E50300081F
:10020000E5030008E5030008E5030008000000001E
:10021000E5030008E5030008E5030008000000000E
:10022000E503000800000000E503000800000000EE
:10023000E5030008E503000800000000E5030008EE
:1002400000000000000000000000000000000000AE
:10025000000000000000000000000000000000009E
:1002600000000000E503000800000000000000009E
:10027000000000000000000000000000000000007E
:10028000E5030008E503000800000000000000008E
:100290000000000000000000E5030008E50300087E
:1002A000E5030008E5030008E5030008000000007E
:1002B000000000000000000000000000000000003E
:1002C00000000000E5030008E5030008E50300085E
:1002D000E5030008E5030008E5030008E50300085E
:1002E000E5030008E5030008E5030008E50300084E
:1002F000E5030008E5030008E5030008E50300083E
:10030000E5030008E503000800000000E50300081D
:10031000E5030008E5030008E5030008E50300081D
:10032000E5030008E5030008E5030008E50300080D
:10033000E5030008E5030008E5030008E5030008FD
:10034000E5030008E5030008E5030008E5030008ED
:10035000E5030008E5030008E5030008E5030008DD
:10036000E5030008E5030008E5030008E5030008CD
:10037000E5030008E5030008E5030008E5030008BD
:10038000E5030008E5030008E5030008E5030008AD
:10039000E5030008E5030008E5030008E50300089D
:1003A000E5030008DFF80CD000F0EEF80048004745
:1003B0003138000038B200240B4800F500414FF0FE
:1003C0000002E0E802228842FBD108488047084842
:1003D0000047FEE7FEE7FEE7FEE7FEE7FEE7FEE793
:1003E000FEE7FEE7FEE7000000000024E10600084B
:1003F000A503000810B5431A934209D28318881840
:1004000003E010F8011D03F8011D521EF9D210BDC2
:1004100040EA01039B0703D009E008C9121F08C086
:10042000042AFAD203E011F8013B00F8013B521E06
:10043000F9D210BDD2B201E000F8012B491EFBD267
:1004400070470022F6E710B513460A4604461946DF
:10045000FFF7F0FF204610BD10B5002200E0521C4F
:10046000835C8C5CA34201D1002BF8D1D8B2E1B2FD
:10047000401A10BDCBB203E00178994203D0401C72
:10048000521EF9D200207047A0E8004FF0C040F89B
:1004900004DB01B5AFF30080BDE8024001C10020DC
:1004A000704700F12C080C4658F8040DAFF300809B
:1004B00058F8040D8546200008BF012038E9F000F7
:1004C00018E9004F70470029A8BF7047401C490039
:1004D00008BF20F00100704710B4B0FA80FC00FAA9
:1004E0000CF050EA010404BF10BC704749B1CCF1D4
:1004F000200421FA04F411FA0CF118BF0121214360
:100500000843A3EB0C01CB1D4FEA00614FEA10201A
:1005100042BF002010BC704700EBC35010440029BC
:10052000A4BF10BC7047401C490008BF20F0010068
:1005300010BC7047F0B400F0004221F0004120F000
:100540000040CE0DC30DC1F3160141F40001C0F30C
:1005500016004C42154640F40000761E09E010EBF0
:10056000440002D582F0004240428842F7D8400061
:100570005B1EB342F9DA18B1F0BC0021FFF7ACBF43
:100580002846F0BC70470000064C074D06E0E068C6
:1005900040F0010394E8070098471034AC42F6D3CA
:1005A000FFF704FFDC3600080C37000870B58D1823
:1005B00010F8014B14F0030201D110F8012B2311A4
:1005C00006D110F8013B03E010F8016B01F8016B54
:1005D000521EF9D1ABB110F8012B04F00C048A1AA9
:1005E0000C2C03D0A2EB84129B1C08E010F8014BEA
:1005F000A2EB0422F8E712F8014B01F8014B5B1E55
:10060000F9D5A942D4D3002070BD0000000000003D
:100610002DE9F04143F290149846C2F200440E4690
:1006200005462778002F17461ED0022D52D8EFF32B
:1006300011804FF0200181F31188069955B105EB27
:100640004502002304EBC2029661D761C2F8208004
:100650009362536205EB450204EBC202D16280F360
:1006600011880020BDE8F081A8212046FFF7E9FEAF
:1006700003202061606143F2D06043F24821C0F65C
:100680000000A061C2F20041E1614FF4806121628B
:100690000021A16243F210326162C0F60002E16201
:1006A000206643F23820C2F2004060661020A06647
:1006B0002167601EE16661670F21BFF35F8F00BF96
:1006C000535C013900F8013F4B1CF9D1BFF35F8F38
:1006D000022DACD94FF0FF30BDE8F08100000000E2
:1006E00080B54EF6885144F20840CEF20001C5F6BE
:1006F00002000A6842F470020A6050F8081C41F0D7
:10070000804140F8081C00BF50F8081CB1F1FF3FC1
:10071000FADC40F2684C416CC5F6000C41F0010176
:1007200041644FF6FF72DCF80010CEF6F22221F0A1
:100730000101CCF8001001684FF0000E21F0030118
:10074000016050F8081C4FF6FE73114040F8081C79
:100750004FF6FE72D0F8BC10CAF6FF721140C0F816
:10076000BC1040F20C320168C0F2C00211400160BE
:1007700043F6CC72D0F88410C7F600621140C0F87E
:10078000841048F28002D0F88810C8F68802114020
:10079000C0F888104EF6C072D0F88C10CCF2FF3240
:1007A0001140C0F88C10D0F8C81040F201329143CB
:1007B000C0F8C81048F68802D0F8E810CFF6887262
:1007C0001140C0F8E8100021C1F2FF4141604FF430
:1007D000E001C0F8C41042F22001C0F20111A1F5FD
:1007E000803240F8042CC167C0F8801040F201113B
:1007F000C0F890E0C0F201018167C0F8D0E0C0F815
:1008000094E0C0F898E0C0F89CE050F8081C41F46F
:10081000803140F8081C00BF50F8082C013B4EF115
:100820000001920301D40029F6D150F8081C890375
:1008300001D400BFFEE7416C4FF6F87241F00101B0
:100840004164DCF80010CFF6FC7241F00101CCF8F5
:100850000010016841F080010160016841F0806191
:100860000160016841F000510160016801600168A8
:1008700041F480510160D0F890101140C0F8901000
:10088000D0F8901048F2000241F00211C0F8901028
:1008900050F8041CC0F28002114040F8041C41F6DC
:1008A000C55250F8041CC0F20012114340F8041C59
:1008B000816F21F07F018167816F41F001018167C4
:1008C000816F41F06071816750F8081C41F08071C0
:1008D00040F8081C50F8081C8901FBD5016821F07C
:1008E00003010160016841F003010160016801F04A
:1008F0000C010C29FAD14FF000600021BDE88040C6
:1009000001F0BABB0000000080B52DED028B9FED19
:10091000098AF0EE480A02F084FC30EE081AB5EEBF
:10092000400AF1EE10FAB8BFB0EE410ABDEC028BFE
:1009300080BD00BFDB0FC940F5EE400AF1EE10FAB2
:1009400028DDB5EE400AF1EE10FA57DAB1EE401AA2
:10095000B4EE601AF1EE10FA75DD9FED910A43F2E4
:10096000243020EE800AC0F6000080EE010ABDEEC1
:10097000C01AB6EEC02A11EE101A30EE420A00EB91
:10098000810090ED001A90ED012A32EE412A00EE2E
:10099000021AD9E0F5EE400AF1EE10FA50DAB5EE9F
:1009A000400AF1EE10FA6FDAB4EE600A9FED7C1A9D
:1009B000F1EE10FA40F3AE8020EE010A43F224314A
:1009C000C0F6000180EE200ABDEEC01A11EE100A3A
:1009D000B6EEC01A642830EE411A28BF64209FED9D
:1009E000710A01EB800090ED002A90ED013A32EEA1
:1009F000000A33EE422A01EE020A7047B4EE600AA2
:100A00009FED671AF1EE10FA69DD20EE811A43F2CC
:100A10002430C0F6000081EE000ABDEEC01AB6EE2A
:100A2000C02A11EE101A32EE400A00EB810090ED60
:100A3000001A90ED012A32EE412A10EE021A49E026
:100A40009FED560A70479FED581A43F2243020EE6E
:100A5000010AC0F6000080EE200ABDEEC01AB6EE14
:100A6000C02A11EE101A32EE400A00EB810090ED20
:100A7000001A90ED012A32EE412A10EE021A9FED83
:100A80004D0A31EE000A7047B1EE601AB4EE401A1A
:100A9000F1EE10FA5DDA9FED441A43F2243120EEB4
:100AA000811AC0F6000181EE000ABDEEC01A11EEF7
:100AB000100AB6EEC01A642830EE410A28BF64203E
:100AC00001EB800090ED001A90ED012A32EE412AF0
:100AD00000EE021A9FED350A31EE000A704720EE53
:100AE000010A43F22430C0F6000080EE200ABDEE79
:100AF000C01AB6EEC02A11EE101A30EE421A00EB00
:100B0000810090ED000A90ED012A32EE402A01EEBC
:100B1000020A704720EE811A43F22430C0F600002A
:100B200081EE000ABDEEC01AB6EEC02A11EE101A10
:100B300032EE400A00EB810090ED001A90ED012AA0
:100B400032EE412A10EE021A9FED190A31EE000A28
:100B500070479FED132A43F2243120EE020AC0F6BB
:100B6000000180EE010ABDEEC01A11EE100AB6EEC9
:100B7000C01A642831EE400A28BF642001EB8000CF
:100B800090ED001A90ED012A32EE412A10EE021A81
:100B90009FED040A31EE000A704700BF000000001C
:100BA0000000C842DA0F49400000C8C2DA0FC93F4E
:100BB000E4CB9640DB0FC940026883880A4442FABE
:100BC00003F319B2D21A0260084670470000000011
:100BD000818002FA01F1891A01607047000000006B
:100BE00080B582B042F6845209A1C2F200420120CF
:100BF0004FF480634FF0000CCDF800C0FFF708FD04
:100C000040F6017002B0BDE8804001F065BE00BF53
:100C10004A53636F70655F693269326932693200C5
:100C200080F85C1070470000B0B504460025C0E9AC
:100C3000075545620566CC3001F07AFFD4F8F00222
:100C400002F00EFA84F8A850012084F8AA5084F823
:100C5000AE5084F8AC0084F8AD50B0BD0000000088
:100C6000B0B582B004464EF22400C4F20000012563
:100C70009FED180A0068B4F8701060674FF40050D8
:100C8000A4F8680040F6DC70C3F64970E064C1F176
:100C90000E00694605FA00F0A4F86A002069E061D8
:100CA00001A801F059FE94ED070A9DED001A9DED93
:100CB000012A20EE011A20EE020AD4F8F00284ED97
:100CC000081A84ED090A02F0D0F984F8A85002B09D
:100CD000B0BD00BFDC0F493F70B52DED088B82B071
:100CE000044690F8A800002101910028009100F02E
:100CF00024824EF22400C4F200000168626FD4F82E
:100D00008030A167D4F88800891A8342E16705D84A
:100D1000814203DC002084F8AC0007E0012084F865
:100D2000AC00002084F8AB0084F89800D4F8EC0202
:100D300002F0A0F9D4F8EC0294ED0E0AD4ED0F0AFB
:100D400090ED011AD0ED021A04F1CC0084ED0A1ADC
:100D5000C4ED0B1A01F0F4FE94ED420A94ED131A5F
:100D600031EE400A9FEDB41A9FEDB49A94ED413AEA
:100D70009FEDB38A002030EE010A94ED0A1A21EEAD
:100D8000031A94ED0B3A9FEDEFAA30EE092A9FED7E
:100D9000EEBAB4EE480AF1EE10FA32FE000A94ED13
:100DA000402A03EE421A94ED283A30EE0A2AB4EEB5
:100DB00040BAF1EE10FA31EE431A32FE000A9FED0E
:100DC000E32A84ED140A01EE023A94ED151A30EE8E
:100DD000414A04EE021A94ED294A84ED283AB0EE15
:100DE000C32A84ED272A84ED151AB4EE442AF1EEC5
:100DF00010FAB8BF012084F8AA0094F8AD000028CA
:100E00004FF000000AD194F8AC0030B994F8980083
:100E1000112802D394F8AA0000E0002084F8AE0064
:100E200094F8A80002287CD1D4E92010143881421B
:100E300027D294F8AB0020BB6846012184F8AB10A0
:100E4000011D01F089FD9DED010A94ED0D1A21EEC1
:100E5000000A9DED002A94ED003A94ED014A21EE3E
:100E6000021A94ED462A20EE033A84ED080A22EE97
:100E7000042A84ED091A84EDB50A01EE423A84EDA4
:100E80009F3AD4E920011431884202D9002184F824
:100E9000AB10E16FD4F88C20914207DD012284F879
:100EA000AD20002384F8983084F8A82094F87220AC
:100EB000BAB300EE101A01EE100AB4F86A2094F8E2
:100EC0005C60B4F86830B8EEC00A002EB8EE411A83
:100ED00080EE010A01EE102AB8EE411A20EE010A56
:100EE000BDEEC00A10EE106AA4F86C6003D0814217
:100EF00005D2981908E0814204D2981B04E0D0186A
:100F0000013801E0981A013081B29FED911A00EE8C
:100F1000101AA4F86E00B8EE400A20EE010A84ED23
:100F2000130A94F8A800012816D1D4E92301E26F2E
:100F30000844824210DD94ED060A94ED071A31EE62
:100F4000401A94ED050A84ED071AB4EE401AF1EE4A
:100F500010FAB8BF84ED070A94ED130A94ED421A13
:100F600030EE411AB4F87000D4F8801004F138065D
:100F700001FA00F04CF2803131EE092AC0F2C911B9
:100F8000B4EE481A04F13C05F1EE10FAB1FBF0F0B2
:100F900032FE011A94F85C1031EE0A2AB4EE41BA1E
:100FA000F1EE10FA32FE011A02EE100A84EDB91ABF
:100FB000B8EE422A84EDBA2A19B9B1EE422A84ED7C
:100FC000BA2AB2EE042AD4EDBA0A41EE020AC4EDFE
:100FD000BA0A94F8AB00012834D194ED470A04F51D
:100FE0002E7001F069F8D4F8E0022062684694EDB2
:100FF000420A011D01F0B0FC04F1300004F134019B
:1010000094ED0A0AD4ED0B0A9DEC021A01F044F8A3
:1010100094ED080A04F51870D4ED0C0A01F04CF8B0
:101020009FED4D1A84ED100A00EE401AB1EEC11A80
:1010300084ED111A31E000BFDC0FC93FDC0FC9C0DD
:10104000DC0F49406846011D01F086FC04F13000C8
:1010500004F1340194ED0A0AD4ED0B0A9DEC021A56
:1010600001F01AF800202062E0696062D4ED0C0AF9
:1010700004F518709FED370A01F01EF884ED100A90
:1010800094ED090AD4ED0D0A04F5237001F014F86B
:10109000204684ED110A00F097FA94ED100AD4ED81
:1010A000110A9DEC021A3046294601F045FC4EF625
:1010B000853094ED0E1A9FED290AC4F2BF10B4EEEC
:1010C000401AF1EE10FAC8BF306095ED001AB4EE88
:1010D000401A9FED230AF1EE10FAC8BF28604EF6C1
:1010E000853096ED001ACCF2BF10B4EE401AF1EE46
:1010F00010FAB8BF306095ED001AB4EE401A9FEDBB
:10110000191AF1EE10FAB8BF286094ED0E0A94EDAA
:101110000F2A20EE010A04F1B00562EE010A28460A
:1011200001F0E6FDD4F8F002294601F0A8FF94F89A
:10113000B210D4F8EC0201F0A7FF02B0BDEC088BAE
:1011400070BD00BFDC0FC940DC0F49C00AD7A33B0C
:10115000DC0FC9380000000049E10F4485EBBF41B6
:1011600085EBBFC1ABAA2A3D90ED041AD0F89410CC
:1011700081FE400A02EE101A9FED083A002980ED28
:10118000050A31EE401AB8EE422A81EE022A22EE1A
:10119000032A01FE020A80ED060A704700409C45C2
:1011A00010B504460020012184F8AA0084F8AE009E
:1011B00084F8AC1042F2000184F8AD00C4F20001E2
:1011C00084F898002066A16641F20051A4F87000EE
:1011D000C7F6287184F8A80004F1CC00C4F88C107C
:1011E00001F0A6FC04F5187000F0A2FF04F52370CE
:1011F00000F09EFF04F52E7000F09AFFD4F8EC0288
:1012000001F047FF10BD0000D0F894109FED0A3A9E
:1012100002EE101A90ED051A30EE411A002980ED09
:10122000040AB8EE422A81EE022A22EE032A01FEC7
:10123000020A80ED060A704700409C45000000004D
:1012400070B582B0044690F8A800002800F08D81A7
:101250004EF22400C4F200000168626FD4F88030BE
:10126000A167D4F88800891A8342E16705D88142D2
:1012700003DC002084F8AC0005E0012084F8AC0019
:10128000002084F89800D4F8EC0201F0F3FED4F8C2
:10129000EC0294ED0E0AD4ED0F0A90ED011AD0ED98
:1012A000021A04F1CC0084ED0A1AC4ED0B1A01F005
:1012B00047FC94ED130A94ED421A94F85C0031EE69
:1012C000402A30EE410A9FEDAA1A002802FE000AC9
:1012D00030EE010A9FEDA71A84ED140AB4EE410A1C
:1012E000F1EE10FA05DD9FEDA41A30EE010A84ED4F
:1012F000140A94ED140A9FEDA11AB4EE410AF1EE1E
:1013000010FA05DA9FED9E1A30EE010A84ED140AF8
:1013100094ED0A0A94ED411A20EE010A94ED0B1A9D
:1013200094ED402A94ED153A002101EE420A94ED25
:10133000281A9FED942A30EE410A00EE021A94ED2D
:10134000140A30EE430A00EE023A94ED292A84EDA5
:10135000281AB0EEC10A84ED270A84ED153AB4EEDE
:10136000420AF1EE10FAB8BF012184F8AA1094F8ED
:10137000AD1000294FF000010AD194F8AC1031B93A
:1013800094F89810112902D394F8AA1000E00021D3
:1013900084F8AE1004F1380694F8A81004F13C0566
:1013A00002294AD1E16FD4F88C20914207DD012255
:1013B00084F8AD20002384F8983084F8A82094F8AD
:1013C0007220D2B3D4F8803000EE101A01EE103A39
:1013D000B4F86A200028B4F868C0B8EEC00AB8EEC5
:1013E000411A80EE010A01EE102AB8EE411A20EEF1
:1013F000010ABDEEC00A10EE100AA4F86C0003D07A
:10140000994206D260440BE0994206D2ACEB000050
:1014100006E002EB0C00013802E0ACEB0200013008
:1014200081B29FED591A00EE101AA4F86E00B8EEC2
:10143000400A20EE010A84ED130A94F8A80001285E
:1014400016D1D4E92301E26F0844824210DD94ED05
:10145000060A94ED071A31EE401A94ED050A84ED60
:10146000071AB4EE401AF1EE10FAB8BF84ED070A7D
:10147000684694ED130A011D01F06EFA04F1300084
:1014800004F1340194ED0A0AD4ED0B0A9DEC021A22
:1014900000F002FE00202062E0696062D4ED0C0AD8
:1014A00004F518709FED390A00F006FE84ED100A6D
:1014B00094ED090AD4ED0D0A04F5237000F0FCFD4B
:1014C000204684ED110A00F07FF894ED100AD4ED67
:1014D000110A9DEC021A3046294601F02DFA4EF60B
:1014E000853094ED0E1A9FED2A0AC4F2BF10B4EEB7
:1014F000401AF1EE10FAC8BF306095ED001AB4EE54
:10150000401A9FED240AF1EE10FAC8BF28604EF68B
:10151000853096ED001ACCF2BF10B4EE401AF1EE11
:1015200010FAB8BF306095ED001AB4EE401A9FED86
:101530001A1AF1EE10FAB8BF286094ED0E0A94ED75
:101540000F2A20EE010A04F1B00562EE010A2846D6
:1015500001F0CEFBD4F8F002294601F090FD94F89A
:10156000B210D4F8EC0201F08FFD02B070BD00BFE4
:10157000DC0FC93FDC0F4940DC0FC9C0DC0F49C09C
:10158000DC0FC9400AD7A33BDC0FC93800000000BC
:1015900085EBBF4185EBBFC1ABAA2A3D000000002F
:1015A000C1F10E02012303FA02F2A0F86A2042F60A
:1015B0001502A0F87010C1F10801C0F27F0202FA12
:1015C00001F1C0F88C10704790ED100A9FED1E1AC3
:1015D000B4EE410AF1EE10FA04DD4EF68531C4F2A4
:1015E000BF110AE09FED191AB4EE410AF1EE10FAAC
:1015F00007DA4EF68531CCF2BF1101640021416457
:10160000704720EE000A90ED111AB0EE402A01EE6C
:10161000012A9FED0F1AB4EE412AF1EE10FAD8BF5D
:10162000704731EE400AB1EEC00A90ED111AB1EEEA
:10163000402AB5EE401AF1EE10FAB8BFB0EE420AF9
:1016400080ED110A704700BF85EBBF4185EBBFC13C
:1016500049E10F44000000004EF22401C4F20001F1
:101660000A6890F85C30416F4267511AC0F88010E8
:10167000016E3BB1B0F86A200131B0F86830016604
:10168000991806E0B0F86A200139B0F868300166B0
:10169000991AA0F868109FED151AB0F8681000EEBE
:1016A000101A8904B8EE400A20EE010A9FED101AC4
:1016B00020EE010A80ED130A06D190F89810FF2958
:1016C0001CBF013180F8981090F8A810012918BFAC
:1016D0007047002180F8AD100169C161D0F88C100D
:1016E000C0F88010022180F8A8107047DC0F494034
:1016F00000000038000000002DE9F04F8FB04EF6DA
:101700008F0440F2000842F2004A40F60270CFF621
:10171000FF74C5F60208C4F2010A01F0DDF841F2D7
:10172000011001F0D9F840F200470321C5F6020785
:10173000402207F58065284601F0B0FC0221002216
:10174000402328464FF0000B01F0ADFC00210122A0
:101750004023284601F0ACFC03218022284601F0FA
:101760009DFC022100228023284601F09CFC0021E0
:1017700001228023284601F09BFC03214FF4807254
:10178000284601F08BFC022100224FF4807328468A
:1017900001F089FC002101224FF48073284601F0FA
:1017A00087FC03214FF40072284601F077FC0221E8
:1017B00000224FF40073284601F075FC002101223D
:1017C0004FF40073284601F073FC0321002210231C
:1017D000284601F068FC032100222023284601F05E
:1017E00062FC48F2447040F20016C2F20040AAF5D2
:1017F000005941F64C55C0F20236C0F80090C0E9DD
:10180000015601F05AFC40F6017001F065F841F212
:10181000020001F061F802214022384601F03EFC4E
:10182000022100224023384601F03DFC0021012224
:101830004023384601F03CFC02218022384601F06A
:101840002DFC022100228023384601F02CFC0021CF
:1018500001228023384601F02BFC02214FF48072D4
:10186000384601F01BFC022100224FF480733846F9
:1018700001F019FC002101224FF48073384601F079
:1018800017FC02214FF40072384601F007FC0221D8
:1018900000224FF40073384601F005FC00210122BC
:1018A0004FF40073384601F003FC032100220123AA
:1018B000384601F0F8FB032100220223384601F0EC
:1018C000F2FB48F25070AAF58E37C2F20040C0E930
:1018D0000075866001F0F1FB4FF4706000F0FCFFD2
:1018E0004FF4805000F0F8FF01210122404601F042
:1018F000D5FB022100220123404601F0D4FB002148
:1019000001220123404601F0D3FB0121022240467F
:1019100001F0C4FB022100220223404601F0C3FB78
:10192000002101220223404601F0C2FB01210422D2
:10193000404601F0B3FB022100220423404601F09F
:10194000B2FB002101220423404601F0B1FB01213A
:101950000822404601F0A2FB022100220823404653
:1019600001F0A1FB002101220823404601F0A0FB69
:10197000032100224023404601F095FB0321002271
:101980008023404601F08FFB48F25C704FF08041AD
:10199000C2F2004080E8620001F08FFB41F21F10AC
:1019A00000F09AFFA0202C2101F0F6F910203A2136
:1019B00001F0F2F998202D2101F0EEF911203B21E0
:1019C00001F0EAF990202E2101F0E6F914203821E7
:1019D00001F0E2F98C202F2101F0DEF915203921E8
:1019E00001F0DAF94FF4985000F076FF41F201006F
:1019F00000F072FFAAF59035284601F063FB04AEB3
:101A0000304601F064FB43F69720069028463146A5
:101A1000CDF810B0ADF814B0CDF81CB0ADF820B0D2
:101A2000CDF824B001F058FB01AE0120ADF8040060
:101A3000002128463246CDF806B0CDF80AB0ADF800
:101A40000EB001F04EFB01212846324601F049FB61
:101A500002212846324601F044FB03212846324643
:101A600001F03FFB00217022284601F03FFB0021DE
:101A70000822284601F03FFB00214FF47A722846E5
:101A800001F03EFB01217022284601F02FFB0121CD
:101A90000822284601F02FFB012141F28E22284620
:101AA00001F02EFB02217022284601F01FFB0221CB
:101AB0000822284601F01FFB022142F23412284678
:101AC00001F01EFB03217022284601F00FFB0321C9
:101AD0000822284601F00FFB032142F6DA7228465D
:101AE00001F00EFB8021284601F00FFB1021284653
:101AF00001F010FBAAF510551321284601F00FFB49
:101B00000521284601F010FB4FF08040132101F021
:101B100006FB4FF08040052101F006FB13213846FB
:101B200001F0FDFA0521384601F0FEFA132148467E
:101B300001F0F5FA0521484601F0F6FA4FF4985005
:101B400000F0CAFE41F2030000F0C6FEAAF58C3593
:101B5000284601F0B7FA04AE304601F0B8FA43F671
:101B60009720069028463146CDF810B0ADF814B055
:101B7000CDF81CB0ADF820B0CDF824B001F0ACFA2F
:101B800001AE0120ADF80400002128463246CDF810
:101B900006B0CDF80AB0ADF80EB001F0A2FA0121FE
:101BA0002846324601F09DFA02212846324601F0CD
:101BB00098FA03212846324601F093FA0021702258
:101BC000284601F093FA00210822284601F093FAF2
:101BD00000214FF48C62284601F092FA0121702214
:101BE000284601F083FA01210822284601F083FAF1
:101BF000012141F20632284601F082FA02217022C8
:101C0000284601F073FA02210822284601F073FAEF
:101C1000022142F2AC12284601F072FA032170222E
:101C2000284601F063FA03210822284601F063FAEE
:101C3000032143F25202284601F062FA03212846AA
:101C400001F06DFA0521284601F06EFA41F2081004
:101C500000F042FE41F2091000F03EFE40F6154051
:101C600000F03AFE40F6174000F036FE504601F014
:101C700060FA4FF42021504601F060FA4FF4807171
:101C80000122504601F05FFA0021504601F060FA4F
:101C90000021504601F061FA01210222504601F074
:101CA00061FA002108220023504601F060FA012168
:101CB00004220023504601F05AFA01210122504625
:101CC00001F05AFA504601F05CFA504601F05EFA13
:101CD00002210222504601F045FA0021052200238C
:101CE000504601F058FA012109220023504601F024
:101CF00052FA02210122504601F03EFA04215046D8
:101D000001F04EFA8021504601F04FFA504601F0A2
:101D100051FA204600BF0130FCD342F600064FF0D6
:101D200000615046C4F2010601F049FA0021504614
:101D300001F04AFA504601F04CFA304601F0F9F948
:101D40004FF42021304601F0F9F94FF4807101225F
:101D5000304601F0F8F90021304601F0F9F9002190
:101D6000304601F0FAF901210222304601F0FAF979
:101D7000002107220023304601F0F9F90121032256
:101D80000023304601F0F3F901210122304601F031
:101D9000F3F9304601F0F5F9304601F0F7F9022188
:101DA0000222304601F0DEF90021122200233046E3
:101DB00001F0F1F9012113220023304601F0EBF983
:101DC00002210122304601F0D7F90421304601F00A
:101DD000E7F98021304601F0E8F9304601F0EAF9F0
:101DE00000BF0134FCD34FF00061304601F0E7F949
:101DF00000213046002701F0E7F9304601F0E9F90B
:101E000043F2786040F20004C2F20040C2F20044A3
:101E1000A6F56B7140F20809C0E903A443F2A8607B
:101E2000C2F20049C2F2004008F16845C0E903A1CE
:101E300043F2D86006F15401C2F20040C0E90369E0
:101E400043F24860C2F20040C0E903610021284625
:101E500001F0C4F94FF0010B0920CDE906B404AC40
:101E60000490A6F56770059002200C90002128468A
:101E7000224608974FF4805ACDF824A00B974FF4D0
:101E80004038CDF8348001F0AEF90021284601F049
:101E9000AFF90021284601F0B0F9002120222846A0
:101EA00001F0B0F900211022284601F0B0F901211B
:101EB000284601F093F90A20049006F164000121FC
:101EC000CDE9050B28462246CDE90797CDF824A099
:101ED00002260B97CDE90C6801F085F9012128460F
:101EE00001F086F90121284601F087F9012120221D
:101EF000284601F087F901211022284601F087F9D0
:101F00004FF4A06000F0ACF80B200121002200F09B
:101F100073F80C200121002200F06EF8122001213C
:101F2000002200F069F841F2060000F0D5FC42F210
:101F30000040C4F20100A0F58844204601F0C2F838
:101F400004AD284601F0C3F84FF0FF30069020465C
:101F500029460496ADF814700797ADF820700997DC
:101F600001F0BAF8204601F057F90FB0BDE8F08F44
:101F700080B54EF6985C0179CEF2000CCCF80010DA
:101F80000168CCF8041090F80CE0037AC279417A29
:101F90001B0643EA0E7390F80AE043EAC242C37A92
:101FA00042EA8141827941EA4E41407941EA034166
:101FB00041EA022141EA4000CCF8080080BD00005F
:101FC0004EF6A050CEF20000016841F00101016020
:101FD000704700000000000000210160017240F223
:101FE00001114FF480624260C0F20101C0F8091093
:101FF00070470000000000004EF60C5CCEF2000CB2
:10200000DCF8003003F4E063A3F54073B3F5A06F90
:1020100001D21B0A06E040F20053C0F2FA53CCF89A
:102020000030022301FA03FCC3F104030F21D9405D
:1020300011404EF20012CEF2000241EA0C0140EAD9
:1020400002034FF01C0C090183F800130CEAD001C5
:1020500000F01F00012303FA00F0885070470000D1
:102060004EF60C5140F08060CEF2000140F0FD7061
:1020700008607047000000004FF68072C1F6FF72E2
:1020800011404EF60852CEF2000208431060BFF332
:102090004F8F70470000000021EE202A21EEA03A69
:1020A00001EE802A01EE403A80ED002A81ED003AEF
:1020B000704700000000000030EE600A90ED011A49
:1020C00090ED072A80ED090A00EE012A90ED031A2F
:1020D00080ED072AB4EE412AF1EE10FA02DD80ED20
:1020E000071A08E090ED041AB4EE412AF1EE10FA56
:1020F000B8BF80ED071A90ED002A90ED071A00EEA8
:10210000021A90ED060AB4EE401AF1EE10FA0ADB5C
:10211000B0EE410A90ED052AB4EE421AF1EE10FA43
:1021200001DDB0EE420A80ED0A0A704700000000AF
:102130000021C161C0E909117047000000000000E2
:102140002DE9F04344F28C488146C5F60208D8F8E0
:10215000381011F4403F0BD0D8F8380000F440306C
:10216000B0F5803F09D144F6000CC0F2E81C1DE038
:1021700049F2000CC0F2D03C18E0D8F8380000F466
:102180004030B0F5003F04D142F2004CC0F2F40CF4
:102190000CE0D8F838004FF0000C00F44030B0F5F7
:1021A000403F04BF41F2002CC0F27A0C58F8840C76
:1021B0006446C0F3810EDFE80EF06002091047F6B6
:1021C00040044FF0000EC0F27D1456E040F60014BB
:1021D0004FF0000EC0F23D044FE058F8880C58F85C
:1021E000882C58F8883CD8F81060C2F38812C3F3E2
:1021F000064700F03F03300402F1010407F101003B
:1022000002D44FF0000E03E0D8F810E06FF35F3E09
:10221000D8F80C2002F44032B2F5003F07D06546F2
:10222000002A1CBF40F60015C0F23D0503E047F64A
:102230004005C0F27D1500EE104A01EE10EA9FED58
:10224000E73A02EE105AB8EE400AB8EE411AB8EE7C
:10225000422A01EE030A01EE103AB8EE411A82EE6C
:10226000011A20EE010A01EE100AB8EE411A80EEC2
:10227000010ABCEEC00A10EE104A58F8843C58F827
:10228000842C58F8840CB9F1160F58F8845C58F86F
:10229000846C00F2C982C3F303130FF22C67C2F3FC
:1022A0008222C0F34230FB5C43F2BC47C0F6000719
:1022B00024FA03F3BA5C385C23FA02F223FA00F042
:1022C000DFE819F017001A001D00AC0220002300FF
:1022D0002A00490068008700A600C500E400030149
:1022E00022014101580170018E01AA01C60152016B
:1022F000C9012046BDE8F0831846BDE8F0831046CA
:10230000BDE8F083C5F3C26001E0C6F30260385C4B
:1023100023FA00F0BDE8F08358F8880C58F8884C90
:1023200058F8881CD8F81020120400F03F0344BF6E
:10233000D8F810E06FF35F3ED8F80C2002F440327A
:10234000B2F5003F00F08C81002A1CBF40F6001C53
:10235000C0F23D0C88E158F8880C58F8884C58F8C1
:102360000C1CD8F81020120400F03F0344BFD8F82A
:1023700010E06FF35F3ED8F80C2002F44032B2F563
:10238000003F00F07E81002A1CBF40F6001CC0F216
:102390003D0C7AE158F8880C58F8884C58F8881C9D
:1023A000D8F81020120400F03F0344BFD8F810E022
:1023B0006FF35F3ED8F80C2002F44032B2F5003FD4
:1023C00000F08B81002A1CBF40F6001CC0F23D0CBF
:1023D00087E158F8080C58F8084C58F8081CD8F849
:1023E0001420120400F03F0344BFD8F814E06FF348
:1023F0005F3ED8F80C2002F44032B2F5003F00F006
:102400007D81002A1CBF40F6001CC0F23D0C79E122
:1024100058F8080C58F8084C58F80C1CD8F8142038
:10242000120400F03F0344BFD8F814E06FF35F3E9E
:10243000D8F80C2002F44032B2F5003F00F06E8173
:10244000002A1CBF40F6001CC0F23D0C6AE158F89F
:10245000080C58F8084C58F8081CD8F81420120436
:1024600000F03F0344BFD8F814E06FF35F3ED8F8A4
:102470000C2002F44032B2F5003F00F07981002ACE
:102480001CBF40F6001CC0F23D0C75E158F8040C6E
:1024900058F8044C58F8041CD8F81820120400F01E
:1024A0003F0344BFD8F818E06FF35F3ED8F80C2024
:1024B00002F44032B2F5003F00F06981002A1CBFEF
:1024C00040F6001CC0F23D0C65E158F8040C58F8C9
:1024D000044C58F80C1CD8F81820120400F03F03E4
:1024E00044BFD8F818E06FF35F3ED8F80C2002F430
:1024F0004032B2F5003F00F05D81002A1CBF40F67B
:10250000001CC0F23D0C59E158F8040C58F8044C7A
:1025100058F8041CD8F81820120400F03F0344BFF8
:10252000D8F818E06FF35F3ED8F80C2002F4403280
:10253000B2F5003F00F06881002A1CBF40F6001C85
:10254000C0F23D0C64E1D8F8000000F44040B0F562
:10255000004F09D00028604600F0608140F600106E
:10256000C0F23D00BDE8F08347F64000C0F27D10A8
:10257000BDE8F083D8F80010890700F04F81D8F843
:10258000000000F003000128184600F04781D8F849
:10259000000000F00300022840F07A814FF4004070
:1025A000BDE8F083D8F8000010F4402F104600F08A
:1025B0003581D8F8000000F44020B0F5802F18468F
:1025C00000F02C81D8F8000000F44020B0F5002F76
:1025D00040F064814FF40040BDE8F0830000003912
:1025E000D8F8000010F4401F104600F01781D8F80A
:1025F000000000F44010B0F5801F184600F00E8176
:10260000D8F8000000F44010B0F5001F40F04D81F4
:102610004FF40040BDE8F083D8F8001011F4400FEB
:1026200000F0FC80D8F8000000F44000B0F5800F06
:10263000184608BFBDE8F083D8F8000000F4400059
:10264000B0F5000F40F01D814FF40040BDE8F0836D
:102650006046BDE8F08340F60010C0F23D00DDE0CA
:1026600047F6400CC0F27D1C0020002B18BFBCF1C7
:10267000000F00F0D38058F80C0C800140F1D4809A
:10268000A6E047F6400CC0F27D1C0020002B18BFCE
:10269000BCF1000F00F0C28058F80C0C000240F1B1
:1026A000C380C4F3881001EE10EA01309FED853A33
:1026B00000EE100A02EE10CAB8EE411A01F07F00D7
:1026C000B8EE400AB8EE422A01EE030A01EE103AD3
:1026D000B8EE411A82EE011AC4E047F6400CC0F28F
:1026E0007D1C0020002B18BFBCF1000F00F096806D
:1026F00058F80C0CC00140F1978098E047F6400C68
:10270000C0F27D1C0020002B18BFBCF1000F00F0B0
:10271000858058F80C0CC0005AD485E047F6400C70
:10272000C0F27D1C0020002B18BFBCF1000F75D03B
:1027300058F80C0C400177D5C4F3881001EE10EA6C
:1027400001309FED603A00EE100A02EE10CAC1F3AC
:102750000620B8EE411AB8EE400AB8EE422A01EE61
:10276000030A01EE103AB8EE411A82EE011A79E03E
:1027700047F6400CC0F27D1C0020002B18BFBCF1B6
:10278000000F4BD058F80C0C00014DD54FE047F628
:10279000400CC0F27D1C0020002B18BFBCF1000FC4
:1027A0003CD058F80C0CB0F1FF3FC4BF0020BDE88E
:1027B000F0830DE047F6400CC0F27D1C0020002B9A
:1027C00018BFBCF1000F29D058F80C0C80002BD595
:1027D000C4F3881001EE10EA01309FED3A3A00EEA2
:1027E000100A02EE10CAC1F30640B8EE411AB8EE64
:1027F000400AB8EE422A01EE030A01EE103AB8EEA2
:10280000411A82EE011A2DE047F6400CC0F27D1C01
:102810000020002B18BFBCF1000F01D1BDE8F083F0
:1028200058F80C0C400002D40020BDE8F083C4F33B
:10283000881001EE10EA01309FED223A00EE100AF6
:1028400002EE10CAC1F30660B8EE411AB8EE400AB3
:10285000B8EE422A01EE030A01EE103AB8EE411A30
:1028600082EE011A013020EE010A01EE100AB8EEE4
:10287000411A80EE010ABCEEC00A10EE100ABDE853
:10288000F083D8F8000000F44000B0F5400F12E0EB
:10289000D8F8000000F0030003280CE0D8F800008E
:1028A00000F44020B0F5402F05E0D8F8000000F417
:1028B0004010B0F5401F18BF4FF0000C6046BDE857
:1028C000F08300BF0000003900000000000000009D
:1028D000010203040607080944F2004300F01F0147
:1028E0008009C5F60203012202FA01F1C258114320
:1028F000C15070470000000044F2004300F01F0187
:102900008009C5F60203012202FA01F1C25822EA47
:102910000101C1507047000044F2004300F01F0164
:102920008009C5F60203012202FA01F1C2581143DF
:10293000C15070470000000021EE802A21EE000AFD
:1029400001EE602A01EEA00A80ED002A81ED000A66
:10295000704700000000000080B5B5EE400A9FED12
:102960006C1AF1EE10FA06DBB4EE410AF1EE10FA41
:1029700003DB9FED681A30EE010A9FED671AB4EE93
:10298000410AF1EE10FA2FDA9FED672AB4EE420AFF
:10299000F1EE10FA5CDA9FED621A43F2C44C20EEBD
:1029A000010AC0F6000CBDEEC01A11EE102AB6EEF8
:1029B000C01AC2F1810E30EE411A0CEB8203C2F153
:1029C00080020CEB8E0E0CEB820293ED012A9EED41
:1029D000000A93ED024A92ED003A34EE424A33EE99
:1029E000403A01EE030A5DE09FED4C1AB4EE410A55
:1029F000F1EE10FA59DA9FED4B1A43F2C44C30EE67
:102A0000010A9FED471AC0F6000C20EE010ABDEE48
:102A1000C01A11EE102AB6EEC01AC2F1810E30EEC5
:102A2000411A0CEB8203C2F180020CEB8E0E0CEB10
:102A3000820293ED012A9EED000A93ED024A92ED87
:102A4000003A32EE444A30EE433A11EE030A58E0BF
:102A500031EE400A9FED321A43F2C44CC0F6000C2E
:102A600020EE010ABDEEC01A11EE102AB6EEC01A11
:102A7000C2F1810E30EE411A0CEB8203C2F18002EA
:102A80000CEB8E0E0CEB820293ED012A9EED000AF8
:102A900093ED024A92ED003A34EE424A30EE433A68
:102AA00011EE030A01EE042A2DE09FED191A43F2FC
:102AB000C44C31EE400A9FED1A1AC0F6000C20EE0D
:102AC000010ABDEEC01A11EE102AB6EEC01AC2F10C
:102AD000810E30EE411A0CEB8203C2F180020CEB46
:102AE0008E0E0CEB820293ED012A9EED000A93ED0F
:102AF000024A92ED003A32EE444A33EE403A01EE99
:102B0000030A11EE042A80ED002A81ED000A80BD3F
:102B1000DB0FC940DB0FC9C0DA0F4940E4CB964058
:102B200083F9A242DA0F49C0DA0FC93F0000000062
:102B300000210164C0E90911C0E90D1170470000CE
:102B400010B590ED092A90ED044A32EE415A90ED0D
:102B50000A1A31EE613A044680ED075AB4EE445A3F
:102B600080ED083AF1EE10FA02DD94ED035A0FE021
:102B7000B1EE446AB4EE465AF1EE10FA04DA94ED7E
:102B8000035AB1EE455A03E094ED056A25EE065A64
:102B9000B4EE443A84ED0B5AF1EE10FA02DD94EDF6
:102BA000033A0FE0B1EE444AB4EE443AF1EE10FAC3
:102BB00004DA94ED033AB1EE433A03E094ED054AAA
:102BC00023EE043A94ED0B4AD4ED001A30EE440A99
:102BD00094ED015A94ED0D7A30EEC36A34EE474A13
:102BE000D4ED0E0A25EE000A84ED0C3A25EE065AC5
:102BF00002EE210A94ED062A04EE027A33EE604AD0
:102C000001EE215A84ED090A42EE040A84ED0D7AA0
:102C1000B1EE470A84ED0A5AC4ED0E0AFDF78CFEA8
:102C2000204684ED0F0A00F017F894ED130ADFED4B
:102C3000080AFDF781FE94ED0F1A84ED110A30EEBB
:102C4000010A84ED0F0AFDF75FFE84ED0F0A10BD47
:102C5000E99FA3450000000090ED0F0A90ED101AC7
:102C600030EE411A9FED172AB4EE421AF1EE10FA37
:102C700004DD9FED172A31EE021A0AE09FED122AB9
:102C8000B4EE421AF1EE10FA03DA9FED102A31EE9B
:102C9000021A9FED102A80ED100A21EE021A90ED23
:102CA000132A9FED0D4A80ED121A31EE423A9FED44
:102CB0000B1A03EE042A80ED132A22EE010A80ED9E
:102CC000140A7047DC0F4940DC0F49C0DC0FC940D3
:102CD000DC0FC9C000409C46CDCCCC3DD091433EDA
:102CE00040F20040C4F2000000F096BA000000007C
:102CF000B0EEC02A9FED251A4DF20A71C3F623519A
:102D0000B4EE412AF1EE10FA03DA31EE423A4160B4
:102D100003E09FED1F3A80ED012AB7EE002A90ED07
:102D2000014A80ED023A32EE445AB0EEE04A35EE06
:102D3000435AB4EE414A80ED035AF1EE10FA03DA39
:102D400031EE441A016103E09FED111A80ED044A4F
:102D500090ED043AF5EE400A32EE432A0021F1EEFE
:102D600010FA4FF00002B5EE400AB8BF0122F1EEB2
:102D700010FA80ED051A32EE412AB8BF012180ED2C
:102D8000062A41EA42018170704700BF0AD7233DFD
:102D9000000000000000000048F2004C00F0FC02BF
:102DA000C4F2010C52F80C30002B48BF70471823B6
:102DB00042EA0C0203EAC000FF2303FA00FC136896
:102DC00023EA0C03136001FA00F011680843106055
:102DD0007047000000000000B0B547F2FF720446E3
:102DE000C4F200020D4690424FF0000013DC44F69E
:102DF000FF31C4F200018C421CDC44F20041C4F2F9
:102E000000018C4232D044F60001C4F200018C4231
:102E100031D112202DE040F6FF71C4F201018C4245
:102E200016DC47F60001C4F200018C420ED047F6D2
:102E3000004107E044F60041C4F200018C4205D095
:102E400045F20001C4F200018C4214D1022010E0CE
:102E500041F20001C4F201018C4209D041F200416B
:102E6000C4F201018C4206D1132002E0112000E0DF
:102E70001020FFF765F92168090406D400EB55001E
:102E8000B0FBF5F080B2E060B0BD40004FF6F071ED
:102E900000EB5500B0FBF5F00140C0F342000844E0
:102EA000E060B0BD0000000010B547F2FF71C4F251
:102EB0000001884214DC44F6FF31C4F2000188426C
:102EC00023DC44F20041C4F2000188423BD044F6C6
:102ED0000001C4F20001884248D140F612043DE0EE
:102EE00040F6FF71C4F2010188421DDC47F6000183
:102EF000C4F20001884229D047F60041C4F2000123
:102F0000884233D140F61F0428E044F60041C4F261
:102F1000000188421DD045F20001C4F20001884240
:102F200024D140F6140419E041F20001C4F2010179
:102F3000884211D041F20041C4F20101884215D10A
:102F400040F605140AE040F6110407E040F61E04BE
:102F500004E040F6130401E040F604142046FFF7B5
:102F6000DBFC2046BDE81040FFF7C6BC10BD0000EA
:102F7000016841F00101016070470000000000009D
:102F8000016821F001010160D0F8D01041F4807196
:102F9000C0F8D01070470000026822F00102026001
:102FA000826822F4007282608268114381607047F7
:102FB000026822F001020260826822F4807282605C
:102FC0008268114381607047026822F0010202604A
:102FD000026822F4C0620260026811430160704717
:102FE000026822F004020260026811430160704727
:102FF000D0F8D02022F4E022C0F8D020D0F8D020A1
:103000001143C0F8D0107047026822F0010202603C
:10301000426822F440524260426811434160704766
:10302000026822F0080202600268114301607047E2
:10303000D0F8D02022F46012C0F8D020D0F8D020F0
:103040001143C0F8D0107047026822F001020260FC
:10305000026822F01022026002681143016070478A
:1030600043F6412CC0F2000C604743F6712CC0F2CD
:10307000000C604743F6E91CC0F2000C604743F6C1
:10308000A12CC0F2000C604743F6E11CC0F2000C1A
:10309000604743F6611CC0F2000C604742F6917C29
:1030A000C0F2000C604743F2D90CC0F2000C60473C
:1030B00043F2017CC0F2000C604743F6114CC0F2B1
:1030C000000C604744F6A96CC0F2000C604745F262
:1030D000D17CC0F2000C604745F2B90CC0F2000C84
:1030E000604744F6911CC0F2000C604744F6C94C9E
:1030F000C0F2000C604744F6595CC0F2000C604717
:1031000044F6315CC0F2000C604745F2C94CC0F295
:10311000000C604745F2B94CC0F2000C604745F224
:10312000792CC0F2000C604745F2215CC0F2000C23
:10313000604740F2913CC0F2000C604740F2493CCD
:10314000C0F2000C604740F2497CC0F2000C6047BE
:1031500040F2117CC0F2000C604740F2713CC0F2BA
:10316000000C604740F2013CC0F2000C604740F2A6
:10317000795CC0F2000C604740F2114CC0F2000CC8
:10318000604740F2E93CC0F2000C604740F2D93C95
:10319000C0F2000C604740F2414CC0F2000C6047A6
:1031A00040F2D94CC0F2000C604740F2D14CC0F262
:1031B000000C604740F2F93CC0F2000C604740F25E
:1031C000D12CC0F2000C604740F2F12CC0F2000C90
:1031D000604740F2B12CC0F2000C604742F6F11C8F
:1031E000C0F2000C604742F6114CC0F2000C604780
:1031F00042F6D91CC0F2000C604742F6C11CC0F276
:10320000000C604742F6492CC0F2000C604742F6C1
:10321000812CC0F2000C604745F2A10CC0F2000CFA
:10322000604710B52DED028BF0EE408A18EE900A43
:10323000B0EE608A20F00040C0F1FF40C00F07D11F
:1032400018EE100A20F00040C0F1FF40C00F2BD054
:1032500018EE101A18EE900AFDF76CF900EE100A3D
:1032600010EE100A6FEAD05010F0FF0F04BFBDEC53
:10327000028B10BD18EE900A00F0004110EE100A0B
:1032800000F00040814204BFBDEC028B10BD18EE7F
:10329000101A10EE100ABDEC028B61F31E0000EE56
:1032A000900A30EE600A10BD18EE900A4FF07F4190
:1032B000B1EB400F1CBF18EE100A5FEA4000C7D107
:1032C000012000F01FF8BDEC028BBDE8104000F0BB
:1032D00001B80000DFED020A80EEA00A704700008E
:1032E0000000000002E008C8121F08C1002AFAD13D
:1032F00070477047002001E001C1121F002AFBD176
:103300007047000001490860704700001021002448
:1033100000000000000054545220524547474553D6
:1033200000000000000000005DD5233C61D1A33CFB
:10333000B0AFF53C9AC0233D13A14C3D2B77753DB2
:1033400064208F3DDC7DA33D18D3B73D0D1FCC3DE0
:10335000BB60E03D2497F43DAA60043E286F0E3E1A
:103360009876183E8276223E746E2C3EFC5D363E88
:10337000A844403E0C224A3EBDF5533E5DBF5D3E33
:10338000737E673EAF32713EACDB7A3E863C823E56
:103390003C05873ECCC78B3E0B84903ED039953E92
:1033A000FAE8993E61919E3EDF32A33E57CDA73E9B
:1033B000A460AC3EA7ECB03E4871B53E67EEB93EA6
:1033C000E963BE3EB9D1C23EC037C73EE295CB3EAF
:1033D00014ECCF3E3C3AD43E4E80D83E36BEDC3E66
:1033E000E6F3E03E5421E53E7346E93E3863ED3EA8
:1033F0009677F13E8A83F53E0E87F93E1982FD3EAF
:1034000055BA003F5CAF023F23A0043FA78C063FA4
:10341000EC74083FEF580A3FB0380C3F33140E3FAE
:1034200078EB0F3F81BE113F538D133FEF57153F90
:10343000571E173F91E0183FA09E1A3F88581C3F27
:103440004E0E1E3FF9BF1F3F8A6D213F0A17233FD3
:103450007DBC243FE85D263F54FB273FC394293FB2
:10346000412A2B3FD2BB2C3F7C492E3F47D32F3FD5
:103470003B59313F5EDB323FB859343F52D4353F80
:10348000314B373F5EBE383FE22D3A3FC5993B3F57
:103490000C023D3FC3663E3FF1C73F3F9C25413F85
:1034A000CF7F423F91D6433FEC29453FE479463FE9
:1034B00086C6473FDA0F493FE6554A3F0000000005
:1034C00001020304670E49BC00000000670E493C7E
:1034D000A00AC93C26C3163D1CFB483D6A2B7B3D18
:1034E000FCA8963D7FB6AF3D30BDC83D2DBCE13D4B
:1034F00069B2FA3D86CF093E7E40163EB3AB223E0E
:103500009C102F3EC96E3B3EC0C5473EFC14543E46
:10351000115C603E7F9A6C3EC6CF783EBE7D823E97
:10352000918E883E1F9A8E3E2FA0943E84A09A3E94
:10353000E39AA03E0F8FA63ED27CAC3EEC63B23E37
:103540002844B83E461DBE3E14EFC33E52B9C93EA4
:10355000CA7BCF3E3F36D53E7DE8DA3E4D92E03E17
:103560007433E63EBACBEB3EE95AF13EC8E0F63E94
:10357000245DFC3EE3E7003F3C9C033F814B063F5C
:103580009AF5083F6A9A0B3FD9390E3FCDD3103FC9
:103590002968133FD8F6153FC07F183FC5021B3F6F
:1035A000D07F1D3FC9F61F3F9867223F24D2243F9A
:1035B0005536273F1394293F49EB2B3FDE3B2E3FE7
:1035C000BA85303FC8C8323FF204353F223A373F10
:1035D0004068393F3A8F3B3FF9AE3D3F66C73F3FBA
:1035E00070D8413FFFE1433F02E4453F65DE473F7E
:1035F00012D1493FF8BB4B3F029F4D3F207A4F3FCE
:103600003D4D513F4918533F31DB543FE595563FFF
:103610005248583F68F2593F1A945B3F522D5D3F24
:1036200004BE5E3F2046603F96C5613F593C633F04
:1036300059AA643F870F663FD66B673F3ABF683F22
:10364000A6096A3F0B4B6B3F5E836C3F92B26D3FA6
:103650009ED86E3F73F56F3F0709713F5213723F5B
:103660004614733FDD0B743F0AFA743FC6DE753FA4
:1036700006BA763FC48B773FF753783F9712793F6E
:103680009DC7793F01737A3FBD147B3FCCAC7B3F34
:10369000273B7C3FC9BF7C3FAC3A7D3FCBAB7D3FF6
:1036A00023137E3FAF707E3F6DC47E3F580E7F3F39
:1036B0006C4E7F3FAB847F3F0EB17F3F96D37F3F01
:1036C00043EC7F3F11FB7F3F0000803F11FB7F3FBA
:1036D0005465726D696E616C00000000103700085F
:1036E00000000024802D0000AC050008884300087D
:1036F00000000000D06C0000E4320008884300089D
:10370000802D0024B8840000F4320008000000007E
:10371000D20001100D5F4445434C5F53544154495E
:103720004307301B52205374657070657220746FAC
:103730006F2066617220696E20706173740028507A
:103740001F434F4D4D414E445F464C41475320630C
:103750006F6D6D616E645F636F6E6669675F733A0C
:10376000D330201120086F69643D25632020200597
:103770005F70696E0C60046469720B3007696E7665
:103780006572743E8126000E10756C73655F7469F6
:10379000636B733D2575A51008496E76616C69648D
:1037A000691004756E74A000081A72616D65746505
:1037B00072A5300671756575656611A1910D519DF3
:1037C00013696E401155116F415610083D256875FB
:1037D000206164BA031A68695840087365745F6EA3
:1037E0006578C1125FD8115F011014516611F7118D
:1037F000070110D0100943616E27742072654D6473
:103800000C2074696D65207768656E204000071A8A
:1038100061637469766585313A41821006636C6F25
:10382000636B84F1135183310D85556008454E4318
:103830004F4445526C640A5F706F736974696F6EB0
:10384000B51110071C3D2501513A126782713E03E4
:1038500013302017418401224E380E73746F705F4D
:103860006F6E5F74726967675501161A595E50086A
:10387000747273796E635F6241DD801F43414C4C0B
:103880004C495354206374725F72756E5F73687530
:1038900074646F776E66756E637352511605119876
:1038A00049E229621A73C90006256572726F725C5B
:1038B000000519656E64665AB00F4D6573736167D4
:1038C0006520656E636F64655A0913E831880D10D1
:1038D000AE031A542D4DAC0315D80F117365CF03E9
:1038E000519615F8480665617265645AD0056E6F89
:1038F0007420F66909400C47444D61696E626F613E
:103900007264543D090322430A3C055F6E756D17CE
:1039100003280A54656D705F77616B65AC2120D90F
:103920004D7769730E1DF6031E61C80315B6240694
:1039300072696E675FACF12F11231372741E011050
:10394000DF154611193F656C1503E00972206361AC
:103950006C6C65643E81E249DA011A73F5B6440580
:10396000696E6974B2115C336F6310011088411C79
:103970001C066368756E6B1505826985A5D24C04BB
:103980006F7665590412200A0C061872666C6F7700
:10399000B904226D2D1372652F16738A08042469E9
:1039A0007A655621374DED0301185B1D64030C0643
:1039B00016207479706566043C0661737369678BC1
:1039C000030510701D4C0325094406726561647976
:1039D00011176174710D19FC0561252D79031E7392
:1039E000FB05C1105D4A05DA63204D310629274DDC
:1039F0003B063D9804277263BC993B2D7F0431F14F
:103A00007D90050D1AE0052D7F0451588006307811
:103A100030312010011A36140466696E35737A65E8
:103A20003BE22012419805102B5DF5064DB40514BC
:103A3000046F6E6C301A761A6C0461626CBE050DF0
:103A40001460034D8D057D8605011ED24DCE057196
:103A5000D12DDD05DDBA053F757032063C0568697C
:103A60006768BD0601255A5137752C41106D9B05BD
:103A70001A4E372C044E54208B03100F535F5355AE
:103A80004D53515F42415345202B8B21010C0410B3
:103A9000313030C5037674F11D84032D2B043107BA
:103AA0000F137371C3076D5B055D0503051AA51E32
:103AB00065E4041E6729053E791606450EC1140DFE
:103AC0001B9E082DF9048D9004313EC114EDBE04F7
:103AD0002E6476042F667956071C05706F6E73D0BE
:103AE000031F6666E707299F0C0A1A646174613D2B
:103AF000252E2A736B086141455D710E81460D15B7
:103B000017031C0470615FC3031D400431060521C7
:103B1000C41F7061CC0821096006656D63755F3F45
:103B20000D1A060911242D4E083DA207810C4107EC
:103B30002D3B050B1D70633B3F726584041F706550
:103B400095052D6508810E7145D1D6219B1DE20991
:103B50002E735508167977554721E0522018012118
:103B6000EBA14641F49112F5481D100AD54B3D5D7D
:103B70000907227276561C046261733E0631455570
:103B80005FA1123D04070911D05E4136056D400466
:103B90000E1B6446066E7347060D20570B8C0C6493
:103BA00069676974616C5F6F75745B0BA1156DAAB1
:103BB000092D4F0B6A753C1D6C0A700865666175AE
:103BC0006C745F11C4096D61785F64757261A7CD13
:103BD00020064D1A081D860A1C04736F66590B1CBB
:103BE00006776D2063792D033E208B0B1D960A11FD
:103BF000B41D710425BF1C04732070E3082DB607A3
:103C00000D1D1D0B91AB125F51425F514D250B01F4
:103C1000141C6DAA0A217A0D19050C1C0753636840
:103C20006564758C0756202326200E1F65767D035C
:103C30001C0B2077696C6C2065786365F208A1F82D
:103C40000D20220CC56F011014DD470B1DFB050173
:103C500019A3452BB1402D7B094DA9075C05776958
:103C60007468DC0B4D38080D1A180B01114A02124A
:103C7000305F5D0E0B69060D245708A5877D170A76
:103C80000528D70510CDE98D0D112E091C04697387
:103C9000738E0A4673C41DA8091D1F052E20480DEA
:103CA0000510CD0545FACDE5053C0564656275BE98
:103CB000071D23034E20F80D0D1A8306612F4F6157
:103CC000647F0691102C056F726465D60D2D2D0E44
:103CD00002237247A0067772697465484111E14971
:103CE0006197DDDD04166F2C4D87060D1C8606419D
:103CF000B31D1604A267B3311001283F6E6E700722
:103D0000710F0D2109101D18044DA907D22011AD06
:103D1000AA041D5B0E1804756C6CD80D1D110E5194
:103D20003C2C045F686FAE08B2200FED8C039C053D
:103D300073616D70330461106D6F072D140F827401
:103D40001E151B8D1D05BD3F0E5E205C0E25E12E50
:103D5000739F06EDAA0761862D6A0C7DB00411934E
:103D60001D700C21E13D10107196A1680122EA1D21
:103D700010095372795B81F1A116AD470F0C102029
:103D8000494E495449414C5F50494E53202222E844
:103D90000C210A1E69ED03190A1DA70D04042265F2
:103DA0007475D34D5E0F8DDB115110BD6E0F0D106C
:103DB0006A0C1E64E1031D6C0C1DA0031C057468D5
:103DC0006174F00B8D5C0C0D1FD31055913D1C0ED2
:103DD0001DEB04B10F5D511294067265706F72692C
:103DE000511075E19407657870697265C501216F9E
:103DF0001D0A0B2D6C0E4D6005011115ED461101CC
:103E000020C28DC210D11171C6C964FDB5104C0518
:103E10007461736BB110615211110D24E21065458C
:103E20000D14E90A855489C57F63615A110D130980
:103E3000030D23BA0C5DBA081E610A091E6FF40F48
:103E40008E6EB8088113BDB6080D1D97071D0F03B0
:103E5000A14CE1120D3C07048E6D07041DF2132DD9
:103E60002509810E1C0572616E671C0E0C06156813
:103E700065636B5FCC0E71D2CD0D04CD0304716010
:103E80000520E481500528E791840D17CB123C04EE
:103E900041444326071D670731D64D3E041C0745A4
:103EA0004E554D4552B0087F4F4E6F146D69137ECD
:103EB00078EE0D110101202F92792F0220312F92DF
:103EC0007A2F0218328D1D46151F72756107912ECB
:103ED0000E2033E4044C066D636C6962CC110D2036
:103EE000B816312D8DB616410F9DB4161DDD143D4B
:103EF000410C392E326C060B1D6B6DB54181615240
:103F00005C056963726F7A16011519AD86163C045B
:103F1000706F6C1F0D1DFE104D151701286A1D2EA8
:103F2000051C046C6C640B17E363746CA11B7D911E
:103F3000171DE311337468D90120632DF5092C0591
:103F4000637572725F0B615CA1146D95051D55134D
:103F500051132DD0119005686F6C64100124674CCB
:103F6000047069646E0DB2736A91175D6603266B07
:103F70001E000423206B69C17DD80F70066D6F741D
:103F80006F72C4D1175D410B1E75360C2D84090C60
:103F90000414756D692D0D2C044D6178B30A1C074E
:103FA00038206275747426100D21CA0D512A8DC6F1
:103FB0000D61115D7C05414AED6904ADCD151D6BA8
:103FC0001241253D94192DAD046005696D756D1480
:103FD0003D0E190D1A0B1151702E5F9907A3302059
:103FE0000EADEE177D4B0E9DA1090D179A1661C3FC
:103FF0001C047265742D05000528736D6974873D76
:10400000DA0591894110EDCE05CDB50981688DD0D5
:10401000054D421A0D1D480A71FC3D1E19A10E6D79
:104020006F0E0D14AC14619DBD26079E6110063DF8
:104030006F163E658E0B0D1FC107614D3DDB05DD23
:104040006B132F4552C7095C054241554466136CFA
:1040500004333834780571268C0F52454345495650
:10406000455F57494E444F578F130F2038303E0855
:104070001DBB092F736F520F0D273F084D27134D9E
:10408000A30E0C051F5F697271831A4DF2124DA1C8
:1040900016C1B9200B434C4F434B5F46524551DE8E
:1040A0000C09253233433334363030C6082DE51839
:1040B000BDF7160D19FB05412D9C04636E74FF05B9
:1040C0001C0F41524D434D5F495251205379735457
:1040D000CB101F5F48540F1E6CAC1C9E2DB3060DF9
:1040E000207F0931889D7E099D8D107C0452657367
:1040F000950E4DAD181D391D4C047468653D1D0DA0
:104100001FDA090009267761746368646F67E671D6
:10411000308DE4069D6D072C075F52414E47456880
:104120000DAC0520504130C7078D4707031B3130C8
:1041300037B2422B01273792433702283237924455
:1041400037022833379245370228343792463702F0
:1041500028353792473702283637924837022837B2
:1041600037924A37C23937F97D1E4EB5131DBC133D
:104170001DBF114E707C110115235D791263696EAC
:1041800027CDA4031D230A7C055F4D415856040C1E
:104190000410464646990929552129200554454DC4
:1041A00050B78F5552161800041C3046457A2D859D
:1041B0000AF1784D40031E4501051DD9042DC70E97
:1041C0001D6B081E72A20E19BC6804392C50A88DF4
:1041D000C40320075553415254300B6DC6038973F5
:1041E0000E20352104415D4D1E044D042120055C47
:1041F0002D0024042D102153C9271510050F000090
:10420000010412020412030412040412050412062B
:104210000443070F23320808100502580004041253
:104220000804120C04121004121404121804121CB4
:104230001C21610015712402586666D640E71D27CF
:104240003C11C7BA3B0000C0410001129FE203408D
:104250007C924844099897773FA0A0A03B3E171056
:104260004243000BFF3F00009042E875543E0001BE
:104270000174012409502D804225B60640A0100586
:1042800085EBBF410462C108013A2C01328C0C2439
:104290006548360024388700247C240024702700D9
:1042A00024642A0024782100243333B33FA69B449E
:1042B0003B0AD7A30403FA01BC5C07930400003E49
:1042C000491103C008E1F50500C2EB0B220F228063
:1042D0003F4C030C09FFD4067A3F8888883C0403CE
:1042E0000189010C0922E5CB96417B30E13E0403B4
:1042F000012A2C29B0880517B75138208380BF08C0
:104300000D1424051E7804030BFF4487F401FF01FC
:1043100009EAF41AA8F41E50F805080C77CDCCCCA5
:104320003FC3642A3B865AD3F49F2709EC080D113A
:10433000E8050C052266664640EC080808FF821F67
:10434000783FD8899DF4018A012407B6B08241FEE6
:10435000AD880920F4012A2C0D3280031AD8F41EEE
:104360005CE8051E10F4051E68480C9EE13E084FEF
:10437000A9445D052D030C1E190A0C000500FFFF62
:10438000FF0000000000000010B542F200440421CC
:10439000C4F20104204600F067FA90B104212046DF
:1043A00000F05EFA42F27070C2F20040D0F8EC0207
:1043B00003F0B6FC28B942F27070C2F2004005F07A
:1043C00031FD04F580640421204600F04DFA0028F8
:1043D00008BF10BD0421204600F042FA42F27810D6
:1043E000C2F20040D0F8EC0203F09AFC00B110BD1C
:1043F00042F27810C2F20040BDE8104005F017BD4F
:10440000FEE700000000000010B500240021C4F207
:1044100002042022204602F027FD002808BF10BD1C
:1044200000212022204602F003FD42F27C40C2F22D
:104430000040D0F8EC0203F073FC00B110BD42F272
:104440007C40C2F20040BDE8104005F0EBBC00002B
:1044500010B500240121C4F202042022204602F0FB
:1044600003FD002808BF10BD01212022204602F0D4
:10447000DFFC42F66420C2F20040D0F8EC0203F008
:104480004FFC00B110BD42F66420C2F20040BDE80E
:10449000104005F0CCBC0000FEE70000000000006A
:1044A000FEE7000000000000FEE700000000000042
:1044B000FEE7000000000000FEE700000000000032
:1044C000FEE70000000000002DE9F04F81B041F24E
:1044D0000406CEF2000603F057FB48F6A8174EF686
:1044E000602BC2F200473C6803E000BF0020C246D8
:1044F000C8B304F029F9D6F80090A0EB0908B8F584
:10450000966FF3DC0546A4EB0900B0F1FF3F08DD30
:1045100003F03EFBB8F1010F18DA03F035FB012080
:10452000E6E74DF63F00CFF6F670804504DC15A0B7
:1045300002F0FAF804F054F904F0FAF858B109EB73
:104540000B00386040F6B83A0020D1E73068281AEE
:104550000028E2DDFAE749F2E030C0F2040009EB9E
:1045600000043C60D4E74EF214000021CEF20000BB
:10457000C0F800A04160016001B0BDE8F04F03F059
:1045800007BB00BF52657363686564756C65642022
:1045900074696D657220696E20746865207061733E
:1045A0007400000000000000B0B582B041F2D005F8
:1045B000C4F2010555F8B40C800603D555F8AC0CCF
:1045C00004F0EEF9286810F0407F10D0286810F051
:1045D000204F0CD00DF10704204604F049F940B9F2
:1045E0009DF8070045F8A80C28680006F4D502B02D
:1045F000B0BD2D2045F8D00C286820F02040286060
:1046000002B0B0BD00000000FEE7000000000000A6
:104610004EF60C500422CEF20000C0F2FA52BFF364
:104620004F8F016801F4E06111430160BFF34F8FC8
:1046300000BFFDE700000000816841F008018160D3
:1046400081680907FCD4816841F00401816000BFE2
:1046500081684907FCD47047B1F1006F07D0002989
:1046600018BF7047816821F00061816070478168E0
:1046700041F0006181607047826822F070028260C0
:10468000826811438160704780B502290AD00129F0
:104690001CD1511E102919D24FF4700E6FF4700CFA
:1046A000242308E0511E032988BF80BD4FF4401E1B
:1046B0006FF4401C4823195801EA0C0119500EEB05
:1046C00002511A5801EA0E011143195080BD000031
:1046D00042F6004242F20473C4F20102C4F2010342
:1046E000904208BF02F54173186820F47F001860FB
:1046F0001868084318607047B1F5006F07D00029AB
:1047000018BF7047816821F400618160704781683B
:1047100041F400618160704710B542F20041C4F27B
:10472000010188420FD042F60041C4F201018842E3
:104730000CD042F60001C4F20101884218BF10BD3E
:1047400040F6091404E040F6081401E040F60A14AB
:10475000204605F071FB2046BDE8104005F071BB16
:10476000816841F4807181607047000000000000A2
:10477000816841F400718160704700000000000012
:104780008168C90718BF7047816841F001018160E5
:104790007047000000000000012907D0022918BF5F
:1047A00070474FF0140C6FF4401303E04FF01C0CF3
:1047B0006FF0405381681940816002FA0CF1826801
:1047C000114381607047000080B5D0F848C04FF0B9
:1047D000030E2EEA1C5C61445FFA81FEBEF1000FFD
:1047E00018D0BEF1020F23D86FF00F01D0F84CC0E3
:1047F00001EB0E1E47F6E07101EA431147F6FF7325
:1048000003FA0EF311432CEA030201FA0EF11143ED
:10481000C16480BD47F6E071D0F850C001EA431191
:1048200047F6FF732CEA030311431944016580BD69
:10483000BEF1030F18BF80BD47F6E071D0F848C045
:1048400001EA431147F6FF732CEA030311431944AD
:10485000816480BD000000004268114341607047E0
:10486000C9430160704700004B1E02461F2B4FF0EA
:1048700000001AD80FF20401DFE803F01024402CE6
:104880004040404040404040404040404040404028
:1048900040404040404040404040403410685168F3
:1048A00001F0400100EA91107047B1F1004F21D0B2
:1048B000B1F1804F18BF7047106851680840C0F3CD
:1048C000807070471068516800F00200490901EAE1
:1048D000500070471068516800F00400C90901EAEF
:1048E000900070471068516800F02000890E01EABE
:1048F00050107047106851680840C00F70470000A2
:1049000080B5B9B1022923D86FF00F0ED0F840C09E
:104910000EEB011E47F6E07101EA431147F6FF7303
:1049200003FA0EF311432CEA030201FA0EF11143CC
:10493000016480BD47F6E071D0F844C001EA43113C
:1049400047F6FF732CEA030311431944416480BD09
:10495000042915D86FF02F0ED0F83CC00EEB011EC5
:1049600047F6E07101EA431147F6FF7303FA0EF3CD
:1049700011432CEA030201FA0EF11143C16380BD19
:10498000062915D86FF04F0ED0F838C00EEB011E77
:1049900047F6E07101EA431147F6FF7303FA0EF39D
:1049A00011432CEA030201FA0EF11143816380BD29
:1049B000082915D86FF06F0ED0F834C00EEB011E29
:1049C00047F6E07101EA431147F6FF7303FA0EF36D
:1049D00011432CEA030201FA0EF11143416380BD39
:1049E0000A2915D86FF08F0ED0F830C00EEB011EDB
:1049F00047F6E07101EA431147F6FF7303FA0EF33D
:104A000011432CEA030201FA0EF11143016380BD48
:104A10000C2915D86FF0AF0ED0F82CC00EEB011E8C
:104A200047F6E07101EA431147F6FF7303FA0EF30C
:104A300011432CEA030201FA0EF11143C16280BD59
:104A40000E2915D86FF0CF0ED0F828C00EEB011E3E
:104A500047F6E07101EA431147F6FF7303FA0EF3DC
:104A600011432CEA030201FA0EF11143816280BD69
:104A70000F2918BF80BD47F6E071D0F824C001EAC5
:104A8000431147F6FF732CEA0303114319444162B3
:104A900080BD00000000000042F600424368C4F2FE
:104AA0000102904223F04072426005D169B14FF09B
:104AB000407202EB016103E0042908BF7047090658
:104AC00001F04071426811434160704700000000EE
:104AD000012A01F4807205D1BAB94A051BD48907AD
:104AE0001FD470471AB1426822F4807242604A05AE
:104AF00003D5426822F480624260890758BF70473C
:104B0000816821F0020181607047426842F480723E
:104B100042604A05E3D5426842F4806242608907F8
:104B2000DFD5816841F0020181607047000000001C
:104B300080B502F0ADFA43F208710330C2F20041D1
:104B400020F00300086080BDB0B50446006A616AC9
:104B500002F056FB10B1A16808442DE0D4E9080129
:104B600002F03EFB94F82A2094F82B108A4203D2DC
:104B7000238B0132184400E00122D3B220838B4200
:104B800084F82A2003D2A0682169084414E080B286
:104B9000618B884213D3A18B884210D804F1280579
:104BA0000020287043F20C70C2F2004003F024FE93
:104BB000E068616908446061A0600120B0BD2546DD
:104BC00015F8280F697801302870C2B28A42E9D3FB
:104BD00002A001F0A9FD03F003FEE1E741444320F8
:104BE0006F7574206F662072616E6765000000004B
:104BF00070B582B040F61951FF208DF80700C0F261
:104C000000010DF1070003F08FFB10B340F61954BB
:104C10000646C0F200040DF1070505E028462146CE
:104C200003F082FB0646A0B1D6E9080102F0B8FA0B
:104C300096F82B000028F1D0013086F82A00F068A1
:104C4000716908447061B0600021304603F0ACFB2C
:104C5000E4E702B070BD00002DE9F04381B043F2FB
:104C60000C70C2F2004003F0FFFBE0B340F61951B4
:104C7000FF208DF80300C0F200010DF1030003F0E6
:104C800053FB80B340F6195907460FF26008C0F293
:104C900000090DF1030607E002F07AFF30464946AD
:104CA00003F042FB0746F0B197F82A0097F82B1063
:104CB0008842F3D102F068FF97F82A0097F82B108A
:104CC0008842E9D13C8B7D69013087F82A0002F0E7
:104CD0005FFF404601F0F8FB9DF803102A4623468B
:104CE00001F076F9DAE701B0BDE8F083616E616C3E
:104CF0006F675F696E5F7374617465206F69643D8F
:104D00002563206E6578745F636C6F636B3D2575FA
:104D10002076616C75653D25687500000000000017
:104D20002DE9F0418046807FA8B108F114060027E4
:104D30000124002556F80C0FD6E9011202F038FBC9
:104D400098F81E100137002818BF25438F424FEAFC
:104D50004404EFD300E0002598F8100080EA050332
:104D600019061FD098F8111081EA050293431B061B
:104D700018D098F8123010402940072B40EA010063
:104D800088F810000ED808EB03015A1C88F812208E
:104D9000C87443F20D70C2F2004003F02DFDFF20F5
:104DA00088F81C0098F91C0088F8115000280CD4D1
:104DB000013844B2B4F1FF3F05DC43F20D70C2F29A
:104DC000004003F019FD88F81C40D8E902120120C8
:104DD0001144C8F80810BDE8F08100000000000090
:104DE0002DE9F04182B043F20D70C2F2004003F0B1
:104DF0003BFBB0B340F65951FF208DF80700C0F2DD
:104E000000010DF1070003F08FFA50B340F6595539
:104E100007460FF25408C0F200050DF1070615E031
:104E2000787F387702F0B4FE404601F04DFB9DF8E4
:104E30000710FA7E07F113030093234601F0C8F828
:104E40003046294603F070FA074650B1387FFF28F4
:104E5000F6D102F099FEBC7C002CE1D102F098FE64
:104E6000EEE702B0BDE8F081627574746F6E735F37
:104E70007374617465206F69643D25632061636BA1
:104E80005F636F756E743D25632073746174653D57
:104E9000252A730000000000EFF30580C00508BF5D
:104EA00070474FF080706FF0060101B401A204B4A6
:104EB0001FB50847704700002DE9F04148F22878F7
:104EC000C2F20048D8F80010F1B943F2087607683A
:104ED000C2F200464FF4FF6000EAC70430680519CB
:104EE00002F0CEF8854214D8356821462819306082
:104EF000284604F0ABFF48F22470C8F80050C2F214
:104F000000400770BDE8F08106A001F00DFC03F041
:104F100003FC46F62200C0F2000001F005FC03F09D
:104F2000FBFB00BF6F69647320616C72656164791B
:104F300020616C6C6F6361746564000000000000A8
:104F4000B0B50546007840F65951C0F2000103F0B3
:104F5000C7F904466868C5B2E17E0844E07602F00D
:104F600013FE214611F8120F854215D2B0EB050C45
:104F70000CD05FFA8CF2281900F11203084600BF2A
:104F800013F8015F013A00F8015FF9D181F800C020
:104F9000BDE8B04002F0FCBD0020A074FE202077E8
:104FA000BDE8B04002F0F4BD10B584B0044600780E
:104FB00040F65951C0F2000103F092F92179827F45
:104FC00091420FD201EB4103217A227B00EB830453
:104FD00001A802F011FA01AA04F1200307CA07C3CD
:104FE00004B010BD02A001F09FFB03F095FB00BFD1
:104FF00053657420627574746F6E207061737420D1
:105000006D6178696D756D20627574746F6E206363
:105010006F756E7400000000B0B50546007840F66C
:105020005951C0F2000103F05BF9044603F04CFA59
:105030006868A060A868E060297C617421744FF4FE
:105040007E41A4F81B100021EA68A1741106627762
:1050500008D4002808BFB0BD30212046BDE8B040CC
:1050600003F0A2B902A001F05FFB03F055FB00BF03
:10507000496E76616C696420627574746F6E73201A
:1050800072657472616E736D697420636F756E748E
:10509000000000000000000003F0F2B90000000072
:1050A00010B582B001790446684602F0C5F8207850
:1050B00040F61951C0F200012C2203F0BDF840F275
:1050C000C171C0F200014160009901620199416221
:1050D000012180F82A1002B010BD0000000000007D
:1050E00010B50479092C12D204EB44012022007877
:1050F00002EB810240F65951C0F2000103F09CF826
:1051000040F699118477C0F20001416010BD02A001
:1051100001F00AFB03F000FB4D6178206F66203838
:1051200020627574746F6E73000000000000000050
:1051300010B584B001790446826801A8002A18BF1E
:10514000012202F03DFA207840F6A951C0F2000198
:10515000382203F071F8019981610299C1610399C4
:105160000162D4E90212002918BF0121002A18BFE8
:1051700001222369436241EA021180F834102C3085
:105180000C2103F001F804B010BD00000000000085
:1051900010B584B00446007840F609612C22C0F2B4
:1051A000000103F049F82179227A044601A802F0AF
:1051B00023F90198E060029820610398606104B0CF
:1051C00010BD00000000000010B50446007840F655
:1051D00041610822C0F2000103F02EF894ED030AA9
:1051E00094ED021A94ED042AB8EE400AB8EE411A82
:1051F0009FED213AB8EE422A9FED1E4A80EE030A47
:105200009FED1E5A81EE041A616882EE032A9FED1B
:105210001C3A42F26C4220EE033A81EE004AC2F29E
:10522000004282EE052A9FED185A85EE005AB7EE2D
:10523000006A017052F8211023EE044A4160A5EE85
:10524000016A81ED022A9FED0F2A81ED010A24EE09
:10525000024A81ED001A82EE000A81ED983A81ED52
:10526000994A81EDA33A81EDA44A81ED336A81ED3B
:10527000340A10BD00007A440024744900004842FA
:105280007D59C44517B7513817B751B80000000011
:10529000B0B584B00446007840F609715022C0F2DF
:1052A000000102F0C9FFE168002200290546C8BFDD
:1052B0000122920080F84C20217901A802F080F9A7
:1052C00001982862029868620398A862217A01A86E
:1052D000002202F075F90198E862029828630398A9
:1052E00068634FF04040A8632069E86105F13C0025
:1052F000102102F049FF04B0B0BD00000000000022
:1053000080B5007840F67971C0F20001242202F0E5
:1053100093FF45F62911C0F20001416045F6D10125
:10532000C0F20001016180BD704700000000000074
:10533000B0B50478406800F05BF8054604A001F0C1
:10534000C3F821462A46BDE8B04000F041BE00BF88
:10535000706F6E6720646174613D252A73000000E0
:10536000B0B50578406800F043F8044602F01CFC34
:10537000012D03D0022D03D1246802E0248800E02F
:10538000247802F00DFC04A001F09EF82146BDE84F
:10539000B04000F01DBE00BF64656275675F726556
:1053A00073756C742076616C3D25750000000000FB
:1053B00070B505460678406800F01AF80446AD68F6
:1053C00002F0F2FB012E06D0022E09D12560BDE8C5
:1053D000704002F0E5BB2580BDE8704002F0E0BB04
:1053E0002570BDE8704002F0DBBB0000000000004B
:1053F00070470000000000002DE9F04F03AF83B0BC
:1054000003390329C0F2838000EB010A46F2807160
:10541000C0F20001861C088847F8140C09E000BFA0
:1054200002F0BAFBD8F80C1048468847DD465645CE
:105430006DD2324612F9010BB0F1FF3FC0B205DC6C
:1054400000F07F007178B21C41EAC01000286BD0D8
:1054500057F8141C884267D246F270410723C0F205
:105460000001EB4601EB001898F8021098F80400D0
:1054700003EB810121F00701ADEB0109CD46D8F81E
:10548000081016464A4604E00023002BA0F1010054
:1054900042D078B356453FD811F8013B052B19D2BD
:1054A00016F9014B04F0600504F07F03602D08BF7E
:1054B00064F01F03B4F1FF3F08DC00BF16F9015B85
:1054C00005F07F04002D44EAC313F7D442F8043BEF
:1054D0000123DAE7072BD7D116F8014B33195345CF
:1054E00005D802F10805146056601E462A46534549
:1054F000CAD8EDE703F018F800283FF491AF98F808
:105500000300C0077FF48CAF03F0CEF88EE7A7F15D
:105510000C04A546BDE8F08F46F68440C0F20000BA
:1055200001F002F903F0F8F802A001F0FDF803F031
:10553000F3F800BF496E76616C696420636F6D6D2E
:10554000616E64000000000002A001F0EDF803F0BD
:10555000E3F800BF436F6D6D616E64207265717515
:1055600065737400000000002DE9F04F81B08E7863
:105570008046062EC0F088800B8808F10205CF789F
:105580007019802BD1F8049006D3802108F103050F
:1055900041EAD31188F80210441F4FF0800A03F04B
:1055A0007F0105F8011B14E04AEA505105F8011B80
:1055B0004AEA903105F8011B4AEAD01105F8011BAF
:1055C00000F07F0005F8010B01200028A7F101077A
:1055D00076D0002F55D0A54272D819F8010B0528B6
:1055E0001AD252F8040B00F120018029E8D300F50B
:1055F0008051B1F5804FDFD300F50021B1F5001FD8
:10560000D6D300F18061B1F1805FCDD3010F80313D
:1056100005F8011BC8E700BF811F022912D21068DC
:10562000661BB04202F1080B38BF064605F8016B55
:1056300028465168324604F00EFC354401205A4693
:10564000C3E700BF05281AD152F8046B691C3078F3
:1056500078B1A1420DD2AB1C711E00BF03F8010C42
:105660005E1C887820B1A34201F101013346F5D3D5
:10567000711EE8430844287001200D46A5E700206C
:10568000A3E7A5EB0800C61C42F6585088F8006056
:10569000C2F20040F51E2946007888F80100404615
:1056A00000F0F2FE06EB0801020A08F8052001F8F6
:1056B000020C7E2001F8010C304601B0BDE8F08FED
:1056C00002A001F031F803F027F800BF4D657373B5
:1056D00061676520656E636F6465206572726F72C5
:1056E0000000000000000000B0B50446007840F65D
:1056F0000961C0F2000102F0F3FD054602F0E4FE8C
:105700006068A860A068E861E06885F82900010683
:105710001CD02169A961616942F61952C0F20002E8
:1057200000296A6018BF012185F82A00207E023115
:1057300085F8281004F0B4FA68620121E06985F860
:105740002B002846BDE8B04002F02EBE0020686263
:1057500085F82800B0BD00002DE9F04182B0047842
:1057600040F60961C0F20001204602F0B9FD05468D
:1057700002F00AFA95F82860D5F8208002F008FABD
:105780000AA000F0A1FE05F10C020746C6F3400690
:1057900007CA01F00DFE00903846214632464346C6
:1057A00000F016FC02B0BDE8F08100BF656E6473C6
:1057B000746F705F7374617465206F69643D2563F5
:1057C00020686F6D696E673D2563206E6578745F34
:1057D000636C6F636B3D25752070696E5F76616CDD
:1057E00075653D25630000002DE9F04F81B048F25A
:1057F0001671C2F200410988002970D148F21C716B
:105800000090C2F200410878032801D804200870F3
:1058100043F2087B0D78C2F2004BDBF8006001F028
:105820002FFC711900220023002400BFB2EB143FAB
:1058300004F1010A03EB050804D10B4454468342EA
:105840004346F3D9BAF101074ED0A6EB0509DBF8C0
:10585000005009EB080601F013FC864249D8A9EB79
:105860000500711B4044DBF80050033020F00300BA
:105870002844CBF80000284604F0E8FA48F21670F5
:105880003904C2F20040078048F22070C2F20040A2
:1058900005601AD048F21C74BAF10200C2F200444A
:1058A0000AD02178CAF101022B4600BF01325F18ED
:1058B000561C1F603B46F9D12178484300212950EE
:1058C00048F21870C2F20040056043F2107000996F
:1058D000C2F200400968016001B0BDE8F08F09A084
:1058E00000F022FF02F018FF0BA000F01DFF02F0F5
:1058F00013FF46F62200C0F2000000F015FF02F090
:105900000BFF00BF416C72656164792066696E614E
:105910006C697A6564000000616C6C6F635F63683A
:10592000756E6B73206661696C6564000000000031
:105930002DE9F04743F20E770D46C2F200470029E9
:10594000144606461CBF38785FEAC07047D1052D63
:1059500003D200202060BDE8F08796F80080A8F10F
:10596000410010F13C0F2DD396F8019009F0F000A2
:10597000102827D1A845ECD808EB060010F8010C38
:105980007E281FD1A8F10301705A90FA80FA3046A0
:1059900000F07AFDB0EB1A4F14D142F65851387826
:1059A000C2F20041C4F8008000F0FD0038700A78AF
:1059B000914527D109F10102012060F31F120A70FD
:1059C000BDE8F08730787E2805D1012020604FF0B7
:1059D000FF30BDE8F087387840F0010038707E2154
:1059E00030462A4604F03CFA28B13978801B451C21
:1059F00001F0FE013970387825608107E7D440F066
:105A00000200387046F2E070C0F2000000F0E0FAE8
:105A10004FF0FF30BDE8F08780B504A000F054FDE2
:105A200000210022BDE8804000F0D2BA70617261AE
:105A30006D5F76616C75652076616C75653D257569
:105A400020726573657276653D2575000000000063
:105A500010B506A000F038FD044603F015FF01461E
:105A60002046BDE8104000F0B3BA00BF636C6F631E
:105A70006B20636C6F636B3D2575000000000000B8
:105A8000F0B581B00EA000F01FFD48F21677054674
:105A9000C2F2004743F21070C2F200403C88002C72
:105AA00018BF0124066802F03FFD398803460091C3
:105AB00028462146324600F08BFA01B0F0BD00BF07
:105AC000636F6E6669672069735F636F6E6669678F
:105AD0003D2563206372633D25752069735F73689C
:105AE0007574646F776E3D2563206D6F76655F63B7
:105AF0006F756E743D2568750000000000000000A1
:105B000080B506A000F0E0FC40F2EA7140F25A22B3
:105B100040F2E933BDE8804000F05ABA6D63755F2A
:105B200076657273696F6E20796561723D257520A7
:105B3000646174653D25752076657273696F6E3D8D
:105B4000257500000000000080B506A000F0BCFC38
:105B500048F23471C2F200410968BDE8804000F0AB
:105B600037BA00BF70615F76616C75652076616CD5
:105B700075653D2575000000B0B503F085FE04464F
:105B800048F69410C2F2004048F69811C2F2004163
:105B900000680D68844205A038BF013500F094FC10
:105BA00029462246BDE8B04000F012BA757074690B
:105BB0006D6520686967683D257520636C6F636B50
:105BC0003D25750000000000B0B546F26C41046848
:105BD000C0F200010968A14207D9406854FA80F276
:105BE0008A4288BF081BC5B200E0002506A000F06D
:105BF0006BFC45F610512A46C0F200010B192146F4
:105C0000BDE8B04000F0E4B96964656E7469667916
:105C10005F726573706F6E7365206F66667365740F
:105C20003D257520646174613D252E2A73000000B6
:105C300010B50446007840F64161C0F2000102F060
:105C40004FFB40682189626880F87220BDE81040EF
:105C500004F00BB90000000010B50446007840F6CF
:105C60004161C0F2000102F03BFB94ED010A9FED9F
:105C7000051AB8EE400A406880EE010A80ED290A54
:105C800010BD00BF00007A44007840F64161C0F2C8
:105C9000000102F025BB0000B0B52DED028B0446DB
:105CA000007840F64161C0F2000102F019FB94ED6A
:105CB000010A9FED0B8AB8EE400A0546406880EE67
:105CC000080A04F0D7F894ED020A6868B8EE400AB2
:105CD00080EE080ABDEC028BBDE8B04004F0CFB8FE
:105CE00000007A440000000010B50446007840F639
:105CF0004161C0F2000102F0F3FA94ED010A94ED63
:105D0000021AB8EE400A9FED092AB8EE411A40681F
:105D100080EE020A81EE021A80ED980A80ED991A4F
:105D200080EDA30A80EDA41A10BD00BF00007A44E4
:105D300048F230710268C2F2004140680A6048F2DD
:105D40002C71C2F2004108607047000000000000A2
:105D5000B0B50446007840F61951C0F2000102F0D7
:105D6000BFFA054602F0B0FBD5E9080101F018FAC8
:105D700060686861A860A0682861207B2269EA6089
:105D8000002885F82B0000F1010185F82A10D4E9DC
:105D900005126983E069AA8385F8290008BFB0BDB0
:105DA0001F212846BDE8B04002F0FEBA0000000006
:105DB000F0B583B0D0E90064876803F065FD05465F
:105DC00041F2883003F038FB05442046294603F0B1
:105DD00027FD0028684608BF25460297CDE90065E3
:105DE00000F002F803B0F0BDF0B581B006460078CF
:105DF00040F6A951C0F2000102F072FA044602F026
:105E00006FF9074675684560B068B86001F0BCFE80
:105E100004F12C01384602F0A3F908B394F8346079
:105E2000700704D56069294603F0FAFCE8B9B007A9
:105E3000656146F0040084F8340004D5A068294662
:105E400003F0EEFC60B9204602F03EFB42F2D17056
:105E50000F21C0F20000C4E90105204602F0A4FAB7
:105E600001B0BDE8F04001F093BE46F6CD10C0F29F
:105E7000000000F059FC02F04FFC000000000000A0
:105E800070B50646007840F60971C0F2000102F0D4
:105E900027FA044602F024F90546706868603089E4
:105EA0006881C8B3F06828810020287301F06CFE77
:105EB00094F84C0080EA5001C90705D0297B80F096
:105EC000010041F001012973616951B184F84C006E
:105ED00004F13C01284602F043F9BDE8704001F0AE
:105EE00057BE010711D484F84C0004F13C01284648
:105EF00002F036F9204602F02FFE1621204602F06D
:105F000053FABDE8704001F043BE284602F008F99C
:105F1000BDE8704001F03CBE02A000F005FC02F0BC
:105F2000FBFB00BF496E76616C696420636F756E20
:105F30007420706172616D6574657200000000000C
:105F40007047000000000000FEF762FB0000000048
:105F5000B0B50546007840F60971C0F2000102F0C4
:105F6000BFF904466D6801F00FFE6069002801BFAB
:105F7000A56094F84C00A56100F0F70002BF84F81A
:105F80004C00BDE8B04001F003BE02A000F0CCFB25
:105F900002F0C2FB43616E27742072657365742042
:105FA00074696D65207768656E20737465707065BF
:105FB00072206163746976650000000000000000D3
:105FC00046F2E070C0F2000000F002B800000000ED
:105FD00083B010B581B00DF10C0C48F21474C2F20C
:105FE00000448CE80E00217839B90121217003A901
:105FF000009100F0C1F90020207001B0BDE8104010
:1060000003B070470000000080B584B001780279C9
:1060100001A801F0D5FA04B080BD00000000000026
:10602000B0B50446007840F6A951C0F2000102F074
:1060300057F9054601F0A8FD05F12C0002F07CF8A7
:1060400000281FBF6068A862BDE8B04001F0A0BD95
:1060500002A000F069FB02F05FFB00BF43616E200D
:106060006E6F742073657420736F66742070776D23
:10607000206379636C65207469636B73207768694A
:106080006C6520757064617465732070656E6469F9
:106090006E67000000000000B0B50446007840F6CE
:1060A0000971C0F2000102F01BF965680446002D79
:1060B00018BF012501F068FD94F84C0000F0FD00C8
:1060C00040EA450084F84C00BDE8B04001F060BDF6
:1060D000B0B5047840F60971C0F20001204602F024
:1060E000FFF8054601F050FD6869A96BA1EB50056A
:1060F000002D48BF6D4201F04BFD05A000F0E4F912
:1061000005F140422146BDE8B040FFF761BF00BF46
:10611000737465707065725F706F736974696F6EA8
:10612000206F69643D256320706F733D2569000011
:1061300010B50446007840F60971C0F2000102F083
:10614000CFF821790446084603F0AAFD44F68102FF
:1061500004F14401C0F20002BDE8104003F028BD84
:1061600070B50446007840F67971C0F2000102F083
:10617000B7F8054601F008FD95F82000C0070AD0E1
:1061800005F10C06304602F09FF9606868611C2139
:10619000304602F009F9BDE8704001F0F9BC00009A
:1061A000B0B50446007840F67971C0F2000102F003
:1061B00097F8054601F0E8FC284602F085F905F15C
:1061C0000C0002F081F9284650F81C1F31B1002262
:1061D0000B680A60002B4A601946F9D10021C0F80B
:1061E000031001606068A860A168012085F82000A4
:1061F000A96119B11D21284602F0D6F8E06885F89A
:106200002200BDE8B04001F0C3BC00000000000067
:10621000F0B581B0047840F679710646C0F200010D
:10622000204602F05DF8054601F0AEFC95F820200E
:10623000D0071DD0E869716802F0FA0285F82110D4
:1062400002F1040285F8202060B1CEB2002700BF21
:106250000168E96142683146076047609047E86934
:106260000028F5D148F60E20C2F2004002F0C4FA30
:10627000284602F029F905F10C0002F025F995F8FD
:106280002160002785F8207001F082FC46F67F30FF
:10629000C0F2000000F018F90022214633460097B2
:1062A000FFF796FE01B0F0BDF0B581B0054600786D
:1062B00040F6A951C0F2000102F012F8044602F0C3
:1062C00003F904F12C0001F037FFA8B32D7994F8FD
:1062D000346004F11802B5FA85F0002D18BF0125CD
:1062E000470907CA2B4601F027FA06F010060120DD
:1062F00080EA1610B84219D0606AB8B103F0C4FA47
:10630000616A084442F2D1716061C0F20001C4E9DF
:10631000011046EA05000E2140F0040084F8340024
:10632000204601B0BDE8F04002F03EB846EA050064
:1063300084F8340001B0F0BD02A000F0F5F902F0DD
:10634000EBF900BF7570646174655F6469676974B7
:10635000616C5F6F7574206E6F742076616C696418
:10636000207769746820616374697665207175654A
:1063700075650000000000002DE9F04748F60D2982
:1063800048F60C27C2F20049C2F200470D46064605
:1063900099F800203C78A24204D300243C700022EB
:1063A00089F80040B07848F6AC18C2F200482044A2
:1063B000612816D3801A602888BFBDE8F0874FF0A7
:1063C000000A87F800A099F80000241A08EB0001E1
:1063D0004046224603F058FD89F800A03C7002F0C8
:1063E0003BFA08EB040031462A46FFF7BDF820448B
:1063F0003870BDE8F04702F02FBA0000000000003E
:106400002DE9F04782B048F6E80A48F26879C2F20E
:10641000004AC2F2004901AA48469AF80010FFF764
:1064200087FA8046012806DB48F268700199C2F2BB
:106430000040FEF7E1FFB8F1000F21D00025019FD9
:106440009AF80060F41B09D0E91909EB05004944EA
:10645000621B03F019FD02F0DBF9254601F0A4FBF5
:106460009AF800108E4202D001F09AFBE8E7AAF8F1
:10647000004001F095FBB8F1010F01DBFFF7A0FD33
:1064800002B0BDE8F0870000002902464FF6FF7019
:1064900008BF7047013A00BF1FFA80FC12F8013FA5
:1064A000013983EA000383EA0313DBB24FEA0320D6
:1064B00040EA1C2C4FEAC30080EA131080EA0C006B
:1064C000EAD170470000000010B573A1044603F044
:1064D000E0FC002800F0908072A1204603F0D9FC77
:1064E000002800F08E8078A1204603F0D2FC00281E
:1064F00000F08C807EA1204603F0CBFC002800F049
:106500008A8046F66D312046C0F2000103F0C1FCDE
:10651000002800F0858046F67E212046C0F200016A
:1065200003F0B7FC002800F0808046F6E9312046F1
:10653000C0F2000103F0ADFC00287BD046F6BD316F
:106540002046C0F2000103F0A4FC002877D072A11D
:10655000204603F09EFC002876D046F637412046C0
:10656000C0F2000103F095FC002872D046F64421E9
:106570002046C0F2000103F08CFC00286ED046F6E5
:10658000D5312046C0F2000103F083FC00286AD018
:1065900046F672112046C0F2000103F07AFC002892
:1065A00066D046F2E8712046C0F2000103F071FCAB
:1065B000002862D046F67F312046C0F2000103F089
:1065C00068FC00285ED046F608412046C0F2000173
:1065D00003F05FFC00285AD046F652212046C0F254
:1065E000000103F056FC014645F60850C0F20000D9
:1065F000002918BF002010BD45F69040C0F20000F1
:1066000010BD45F69840C0F2000010BD45F6A04010
:10661000C0F2000010BD45F6A840C0F2000010BD59
:1066200045F6B040C0F2000010BD45F68840C0F20B
:10663000000010BD45F6B840C0F2000010BD45F6A0
:10664000C040C0F2000010BD45F6C840C0F20000D6
:1066500010BD45F6D040C0F2000010BD45F6D84050
:10666000C0F2000010BD45F6E040C0F2000010BDD1
:1066700045F6E840C0F2000010BD45F6F040C0F21B
:10668000000010BD45F6F840C0F2000010BD45F610
:106690000050C0F2000010BD7374617274696E67BF
:1066A0000000000069735F73687574646F776E2013
:1066B0007374617469635F737472696E675F696430
:1066C0003D2568750000000073687574646F776E0F
:1066D00020636C6F636B3D2575207374617469630F
:1066E0005F737472696E675F69643D256875000049
:1066F0006D63755F76657273696F6E20796561721F
:106700003D257520646174653D257520766572733D
:10671000696F6E3D25750000636C6F636B20636C61
:106720006F636B3D2575000010B5C5A1044603F0ED
:10673000B0FB002800F02781CAA1204603F0A9FB86
:10674000002800F02381CBA1204603F0A2FB002803
:1067500000F01F81CDA1204603F09BFB002800F034
:106760001B81CEA1204603F094FB002800F0178186
:10677000D0A1204603F08DFB002800F0138146F6DF
:106780005D312046C0F2000103F083FB002800F0D9
:106790000C8146F602212046C0F2000103F079FB8D
:1067A000002800F0058146F649012046C0F20001AC
:1067B00003F06FFB002800F0FE8046F672012046D1
:1067C000C0F2000103F065FB002800F0F78046F6F8
:1067D00094012046C0F2000103F05BFB002800F0AA
:1067E000F08046F660012046C0F2000103F051FB44
:1067F000002800F0E98046F621112046C0F2000191
:1068000003F047FB002800F0E28046F67041204686
:10681000C0F2000103F03DFB002800F0DB8046F6EB
:1068200035012046C0F2000103F033FB002800F0E0
:10683000D48046F622012046C0F2000103F029FB75
:10684000002800F0CD8046F6A5012046C0F20001E8
:1068500003F01FFB002800F0C68046F6CD1120464D
:10686000C0F2000103F015FB002800F0BF8046F6DF
:106870003B112046C0F2000103F00BFB002800F0A2
:10688000B88046F6B5212046C0F2000103F001FBB6
:10689000002800F0B18046F6D4012046C0F2000185
:1068A00003F0F7FA002800F0AA8046F62C212046D3
:1068B000C0F2000103F0EDFA002800F0A38046F6D4
:1068C00045312046C0F2000103F0E3FA002800F051
:1068D0009C8046F6F9012046C0F2000103F0D9FA87
:1068E000002800F0958046F683012046C0F20001A2
:1068F00003F0CFFA002800F08E8046F606312046DD
:10690000C0F2000103F0C5FA002800F0878046F6C7
:10691000E1212046C0F2000103F0BBFA002800F09C
:10692000808046F6A4212046C0F2000103F0B1FAAF
:10693000002879D046F6A5112046C0F2000103F0E8
:10694000A8FA002873D046F6BB112046C0F2000119
:1069500003F09FFA00286DD046F627312046C0F29A
:10696000000103F096FA002867D046F69111204600
:10697000C0F2000103F08DFA4FF0FF31002808BF8C
:106980002121C8B210BD0221C8B210BD0321C8B276
:1069900010BD0421C8B210BD0521C8B210BD06212A
:1069A000C8B210BD0721C8B210BD0821C8B210BDC1
:1069B0000921C8B210BD0A21C8B210BD0B21C8B24E
:1069C00010BD0C21C8B210BD0D21C8B210BD0E21E2
:1069D000C8B210BD0F21C8B210BD1021C8B210BD81
:1069E0001121C8B210BD1221C8B210BD1321C8B206
:1069F00010BD1421C8B210BD1521C8B210BD16219A
:106A0000C8B210BD1721C8B210BD1821C8B210BD40
:106A10001921C8B210BD1A21C8B210BD1B21C8B2BD
:106A200010BD1C21C8B210BD1D21C8B210BD1E2151
:106A3000C8B210BD1F21C8B210BD2021C8B210BD00
:106A400053687574646F776E20636C6561726564FA
:106A5000207768656E206E6F742073687574646F3C
:106A6000776E000054696D657220746F6F20636CDF
:106A70006F73650073656E74696E656C2074696D03
:106A800065722063616C6C6564000000496E76611C
:106A90006C696420636F6D6D616E64004D65737326
:106AA00061676520656E636F6465206572726F72E1
:106AB00000000000436F6D6D616E64207061727341
:106AC0006572206572726F720000000000000000A5
:106AD00080B5FEF72DF801F053F802F079FB01F0D4
:106AE00093FABDE8804001F0DFBE00000000000026
:106AF00080B501F095FE01F073FB00F0C9F802F0DB
:106B00005BF803F0E9F8FEF773F8FEF7C5F9BDE8A6
:106B1000804002F0C1BE000080B501F03DF803F0F6
:106B200013F901F039F8FEF797F801F035F8FEF7A0
:106B300057F901F031F803F01BF801F02DF8FFF7D9
:106B40005FFCBDE8804001F027B8000000000000B5
:106B500000207047000000002DE9F04381B000F1F3
:106B60002C080446404601F0E7FA00286DD1404663
:106B700001F0EEFA866804F118023546002E18BFBF
:106B80000125074607CA2B4600F0D6FD384601F01E
:106B9000C7FA4EB1A06A864206D2606AA8B1A1685F
:106BA000072501EB000913E0B6FA86F194F83400EA
:106BB0000122490922EA1010884207D0606A28B1F0
:106BC000A168043501EB000902E003254FF000093C
:106BD000404601F0B1FA08B14F460CE0404601F0E2
:106BE000B3FA6907476804D54846394602F018FEEB
:106BF00080BB45F0040594F83400A907676100F0F4
:106C00001000284484F8340005D4680718D4002004
:106C100001B0BDE8F083A068690700EB060504D564
:106C20002846394602F0FCFD50B142F67110A560CD
:106C3000C0F200006060A06A801BC4E9036000E04D
:106C4000A760012001B0BDE8F08306A0FFF76CFD4E
:106C500001F062FD46F6CD10C0F20000FFF764FDC2
:106C600001F05AFD4D697373656420736368656450
:106C7000756C696E67206F66206E65787420646934
:106C8000676974616C206F7574206576656E740039
:106C9000F0B581B040F6A951FF208DF80300C0F295
:106CA00000010DF1030001F03FFB10B340F6A954C1
:106CB00006461127C0F200040DF1030596F83430A2
:106CC00006F1180207CA03F0100300F035FD96F82C
:106CD0003400C00607EAE07086F8340006F12C00A4
:106CE00001F026FA2846214601F01EFB0646002840
:106CF000E4D101B0F0BD0000B0B504468069D4E92C
:106D0000071200F091FC94F83400C1074FF00C0119
:106D100018BF102180F001024007A068615801EB04
:106D2000000584F834200AD56169284602F078FD10
:106D300028B942F2D1706569C0F20000606001209C
:106D4000A560B0BD0000000001EB410100EBC100F7
:106D5000016941F00101016170470000000000007D
:106D600001EB410100EBC100016941F48071016157
:106D7000704700000000000080B501EB41024FF0B9
:106D8000000C00EBC202136923F0010313610B1F17
:106D9000C2F810C0C2F814C0C2F818C028BFD9B2D7
:106DA0004FF00C03C2F81CC0C2F820C001EB410E2A
:106DB00001F0020138BF08234900C2F824C001EBEA
:106DC0004E013D2202FA01F11A581143195080BDBB
:106DD00080B50B1F4FF00C0E38BF0B4638BF4FF07D
:106DE000080E5FFA83FC4FEA4C0151FA83F103F07D
:106DF00002035B0003EB410102FA01F15EF800209F
:106E000011434EF8001080BD01EB4101130600EB69
:106E1000C10001D4103006E0416A22F0800241F046
:106E20008001416210300168114301607047000029
:106E300080B50B1F4FF00C0E38BF0B4638BF4FF01C
:106E4000080E5FFA83FC4FEA4C0151FA83F103F01C
:106E500002035B0003EB410102FA01F15EF800203E
:106E600011434EF8001080BDF0B5032920D8561EFE
:106E700000231F2E00F28C804FF0800C24250C463E
:106E80008646DFE806F06B85851085858539858522
:106E900085858585854085858585858585858585E7
:106EA0008585858585474FF0020C1025042227E053
:106EB000561E00231F2E00F26B800FF20C0202EB15
:106EC00086070A1FDFE806F01064642B64646433ED
:106ED000646464646464643B64646464646464649B
:106EE0006464646464646443D4B200F1040E4FF0DB
:106EF000800C2425012231E04FF0040C10250822DB
:106F00000C4686462AE04FF0080C10220C468646B6
:106F1000102523E0102520220C4686461CE0D4B222
:106F200000F1040E4FF0020C1025042216E0D4B23A
:106F300000F1040E4FF0040C102508220EE0D4B22C
:106F400000F1040E4FF0080C1022102506E0D4B218
:106F500000F1040E102520224FF0100C04EB440326
:106F600004F002046400284401EB4101DEF80070E3
:106F700004EB43039A4050F8310017EA020100EA9B
:106F80000C0018BF0121002818BF012001EA0003EE
:106F90001846F0BD0000000010B501EB410300EB06
:106FA000C30EDEF8243023F00403CEF824305368F7
:106FB000CEF81830D368CEF81C30136ACEF81430EF
:106FC00048F23F73DEF810C0CFF6FC73546A0CEA47
:106FD000030C536944EA0C04D2F81CC044EA83044D
:106FE00044EA0C042343CEF81030D2F808C0BCF1B8
:106FF000010F07D0BCF1000F09D1DEF8103043F4C7
:10700000007C0EE0DEF8103023F4007C09E0DEF8AE
:10701000103043F40073CEF81030DEF8103043F433
:10702000004CCEF810C01369DEF8104024F48064E0
:10703000002B08BF04F58064CEF810409369DEF899
:107040001040002B40F20003C4F2020324F48074C9
:1070500043EA810108BF04F58074984201F502609B
:1070600008BF01F50060CEF81040016821F0FF0173
:107070000160116802681143016010BD000000004A
:1070800043F21470C2F2004000F5A04070470000C7
:1070900043F21470C2F2004070470000000000008C
:1070A000B0B50446C068D4E9041200F081F994F840
:1070B0002810002818BF01200125A26825EA010137
:1070C0004140A06910441DD004F10C02206242F638
:1070D000B150C0F20000606007CA00F069F994F88E
:1070E0002810002818BF012025EA010141400CD0DA
:1070F00094F82A000138010614D0A168E26984F8E6
:107100002A008818A0600120B0BD42F61950216AFB
:10711000C0F20000C4E9010194F8290084F82A00B3
:107120000120B0BD94F82B10606A02F06DFD0020C4
:10713000B0BD00000000000010B50446C068D4E9EE
:10714000041200F035F994F82810002818BF012027
:10715000012222EA010141400CD094F82A000138B2
:10716000010614D0A168E26984F82A008818A0609A
:10717000012010BD42F61950216AC0F20000C4E996
:10718000010194F8290084F82A00012010BD94F828
:107190002B10606A02F038FD002010BD00000000D6
:1071A000B0B50D46044600F0FFFC2168C90610D5B5
:1071B000616C01F01F01A9420BD16FF01001216039
:1071C00035B148F61021626EC2F2004121F8152057
:1071D000616EBDE8B04000F0E3BC000000000000BC
:1071E0006FF01002026031B148F61022436EC2F215
:1071F000004222F81130406E80B27047000000005B
:107200000268D3060BD4426C22F01F024264426C27
:1072100011434164816841F08041816008E0920738
:1072200006D5406C00F01F00884201D10020704755
:10723000142002F001B900002DE9F0410D4680460E
:10724000002729A0C15DA94207D00137152FF9D128
:107250002BA0FFF769FA01F05FFA44F2444042F6CE
:107260000844C5F60200C4F201040068400528D4B1
:1072700041F20A1002F012FEA4F108063046FDF7B2
:107280004BFA4FF440213046FDF722FA012101224A
:107290003046FDF7F9F947F49640E0630120C0F26B
:1072A000800020600A2002F09FFD0920206000BFBE
:1072B00020680007FCD40520206000BF206840073C
:1072C000FCD4FE2D04D1206840F40000206004E0CE
:1072D00003210022284600F0FBFBA4F10800C8E9C6
:1072E0000007BDE8F08100BF2223595755535A5873
:1072F00056542021000000000000FE0000000000A5
:107300004E6F7420612076616C6964204144432093
:1073100070696E0000000000F0B5D0F820E0D0F8F1
:1073200024C000230F27002504E000BF01350433EB
:10733000082D0CD022FA05F6F607F7D007FA03F667
:107340002EEA060601FA03F446EA040EEEE70823E5
:1073500000240F2504E000BF01330434102B0CD0AF
:1073600022FA03F6F607F7D005FA04F62CEA060728
:1073700001FA04F647EA060CEEE7C0F820E0C0F890
:1073800024C0F0BD0000000042F2281144F2004386
:10739000C2F20041C5F60203012251F8200000F0BC
:1073A0001F01800902FA01F1C2581143C150704710
:1073B000C0B29B280AD097280FD0932814D142F24C
:1073C0007C40C2F2004090F8AE00704742F6642064
:1073D000C2F2004090F8AE00704742F27070C2F204
:1073E000004090F8AE0070470869104018BF0120B7
:1073F000704700000000000070B59F291FD80C46A0
:1074000015463C2142F2501201EA9401C2F20042B8
:107410005358A3B1515804F00F0201230470416086
:1074200003FA02F1816000F0BFFB6AB20646002158
:10743000204600F04DFB304600F0B2FB70BD02A0CC
:10744000FFF772F901F068F94E6F742061207661E0
:107450006C696420696E7075742070696E0000003C
:107460002DE9F0430468D0F80CC04FF0000E4FF047
:107470000308002605E000BF01360EF1020E102EB3
:1074800012D023FA06F7FF07F6D008FA0EF724EA1F
:10749000070901FA0EF42CEA070702FA0EF544EA8E
:1074A000090447EA050CE7E70460C0F80CC0BDE832
:1074B000F0830000000000002DE9F04F81B09946F4
:1074C00092468B46054600F06FFBECB242F250123A
:1074D0002109C2F200428046084652F82160FFF7B7
:1074E00053FF05F00F00242108284FF01C0238BF7D
:1074F000202102EA85020F2303FA02F2735823EADD
:10750000020243000327725007FA03F13268012791
:107510008A4307FA03F3B9F1000F42EA030232602B
:10752000F26807FA00F022EA0102F260726822EAC9
:1075300000007060B0686FF0900252FA85F220EAA5
:1075400001004FF0180143EA000308BF28214FEA69
:10755000B200B36003284BF801A02BD8DFE800F09D
:10756000020F1A2342F27C404946C2F2004002F068
:107570009AFC9D2C17D0992C0CD0952C1AD142F244
:1075800070704946C2F2004002F08DFC9D2C0AD07A
:10759000992C0FD142F664204946C2F2004002F015
:1075A00082FC9D2C06D142F278104946C2F200407E
:1075B00002F079FC404601B0BDE8F04F00F0F0BAAF
:1075C000F0B581B09F291FD805463C200E4600EA41
:1075D000910042F25011C2F200410858A0B13009A6
:1075E000144651F82070FFF7CFFE2E7006F00F0002
:1075F0000121234601FA00F23946C5E901722868E3
:10760000FFF75AFF01B0F0BD02A0FFF78DF801F0BF
:1076100083F800BF4E6F7420616E206F75747075B3
:10762000742070696E00000070B548F63023CA629D
:10763000C2F200434969114005461A780C4618BF4A
:107640000124002A38D06FF0900050FA85F04FEAFC
:10765000B00003282FD8EDB2DFE800F0020F1B24A2
:1076600042F27C402146C2F2004002F01CFC9D2DFB
:1076700018D0992D0DD0952D1DD142F27070214654
:10768000C2F2004002F00FFC9D2D0BD0992D18BFC7
:1076900070BD42F664202146C2F2004002F003FCB5
:1076A0009D2D08D142F278102146C2F20040BDE87B
:1076B000704002F0F8BB70BD48F63120C2F20040C5
:1076C00000780028BFD10029BDD06FF08F0050FA9C
:1076D00085F04FEAB0000328B5D8EEB2DFE800F03D
:1076E000020E192242F27C40C2F2004002F0E0FB9E
:1076F0009C2E17D0982E0CD0942EA4D142F27070EC
:10770000C2F2004002F0D4FB9C2E0BD0982E7FF4E6
:107710009AAF42F66420C2F2004002F0C9FB9C2EF0
:107720007FF491AF42F27810C2F2004002F0C0FB49
:1077300089E700000000000070B505461C461823CC
:107740006FF0710050FA85F0002C08BF28232C2818
:10775000CA5000F29781EEB2DFE810F080018C0190
:107760009401940194019401940194019401940171
:107770009401940194019401940194019401940161
:107780009401940194019401940194019401940151
:10779000940194019401940194012D0069009401D5
:1077A00094015601AA00940194016801EB00940130
:1077B000940175012C0142F27C402146C2F2004046
:1077C00002F071FB6FF0710050FA85F02B2800F287
:1077D0005981DFE810F043014F015701570157016C
:1077E00057015701570157015701570157015701D9
:1077F00057015701570157015701570157015701C9
:1078000057015701570157015701570157015701B8
:1078100057015701570157015701570119015701E6
:10782000570157012B01570157015701380142F207
:107830007C40C2F2004014B102F03FFB01E002F0D4
:1078400041FB6FF0710050FA85F02C2800F21A818C
:10785000DFE810F0040110011801180118011801E7
:107860001801180118011801180118011801180150
:107870001801180118011801180118011801180140
:107880001801180118011801180118011801180130
:1078900018012D00180118011801DA002E00180136
:1078A0001801EC006F0018011801F900B00082E720
:1078B00042F27070C2F2004014B102F0FEFA01E030
:1078C00002F000FB6FF0710050FA85F02C2800F2F6
:1078D000D980DFE810F0C300CF00D700D700D70071
:1078E000D700D700D700D700D700D700D700D700E0
:1078F000D700D700D700D700D700D700D700D700D0
:10790000D700D700D700D700D700D700D700D700BF
:10791000D700D7002D00D700D700D7009900D70097
:10792000D700D700AB002E00D700D700B8006F00FB
:1079300041E742F66420C2F2004014B102F0BDFA01
:1079400001E002F0BFFA6FF0710050FA85F02C28C8
:1079500000F29880DFE810F082008E00960096001A
:107960009600960096009600960096009600960067
:107970009600960096009600960096009600960057
:107980009600960096009600960096009600960047
:107990009600960096002D009600960096005800DE
:1079A0009600960096006A00960096009600770072
:1079B0002E0000E742F27810C2F2004014B102F04B
:1079C0007CFA01E002F07EFA6FF0710050FA85F067
:1079D0002B2800F25780DFE800F0414D55555555F2
:1079E0005555555555555555555555555555555547
:1079F00055555555555555555516555555175555B4
:107A0000552955555536D6E642F270702146C2F2D8
:107A1000004002F048FA982E04DC722E1ED0732E1D
:107A200028D02FE09D2E0ED0992E2BD142F6642027
:107A30002146C2F2004002F036FA722E0ED0732EAA
:107A400018D09D2E1ED142F278102146C2F200407D
:107A500002F029FA732E0DD0722E13D1204648F66B
:107A60003021002CC2F2004118BF0120732E087093
:107A700018BF70BD48F63120002C18BF0124C2F297
:107A80000040047070BD0000B0B5012902D141680A
:107A9000194301E04168994341600021D0F808C0D2
:107AA0004FF0030E002403E001340231102C0CD0FF
:107AB00023FA04F5ED07F7D00EFA01F52CEA050CD0
:107AC00002FA01F54CEA050CEEE7C0F808C0B0BDBB
:107AD0002DE9F04142F2501306460009C2F200437C
:107AE0001546884653F82070FFF74EFC06F00F004D
:107AF000242108284FF01C0338BF202103EA860305
:107B00000F26C8F303127C589E40012D02FA03F29F
:107B100024EA060342EA03027A504FF001024FEAD8
:107B20004003B8BF02220326002D08BF2A4606FAEA
:107B300003F508F00F0439689C40A9439A4021439B
:107B40003960FC684FF0010CC8F30021AC432243BC
:107B5000FA607A680CFA00F4A24301FA00F01043CC
:107B60005FEA8851786058BF0126B868A84306FAD2
:107B700003F10843B860BDE8F08100000000000098
:107B8000704700000000000072B67047000000005F
:107B900062B670470000000070470000000000005F
:107BA00080F3108870470000EFF3108072B67047C2
:107BB00062B600BF72B6704770B584B06C464EF6C0
:107BC00014552046CEF2000502F081F9BFF35F8F15
:107BD0002869002620F480302861D5F8800020F044
:107BE0000100C5F88000BFF34F8FBFF36F8F41F6E0
:107BF0000070C5F88860C5F88C60C0F28700CDE9D8
:107C0000010601208DF80C002046009602F064F970
:107C100002F067F94FF01050009003208DF8080033
:107C200040F20110CDF8090040F601000190204615
:107C300002F052F902F055F9BFF35F8F0520C5F845
:107C40008000286940F480302861BFF34F8FBFF374
:107C50006F8F2868800311D4BFF34F8FBFF36F8FEE
:107C6000C5F83C62BFF34F8FBFF36F8F286840F4B5
:107C700000302860BFF34F8FBFF36F8F2868C003B9
:107C800028D400202867BFF34F8FE96E43F6E07CCD
:107C9000C1F34E30C1F3C902C90802F1010E8C07CD
:107CA0000CEA40162246714642EA0603013902F107
:107CB0004042C5F84C32F7D10028A0F10100EFD1C5
:107CC000BFF34F8F286840F480302860BFF34F8F98
:107CD000BFF36F8F02F00AF900F032FC002004B00D
:107CE00070BD00000000000010B504464FF02020D9
:107CF00008214FF40052E061012020750020E0824D
:107D000004F1200002F0F7F804F1280008214FF4F4
:107D10000052BDE8104002F0EEB800000000000084
:107D200010B50446007DD8B12169E08AB1F9001090
:107D30000130E08204F1200002F0E2F821692083A2
:107D400004F12800B1F9041002F0DAF8E18A608346
:107D5000B1F5FA6F04D300212175218BE083A18353
:107D6000207D10BD00000000017070470000000081
:107D70000169B0F91C209FED132AB1F90030B1F967
:107D800004109A1AB0F91E3000EE102AC91A01EE3A
:107D9000101A0178B8EEC00ACA07B8EEC11A20EE70
:107DA000023A20EE420A21EE024A21EE421A03FE76
:107DB000000A890758BFB0EE441A80ED010A80ED31
:107DC000021A7047CDCC8C3910B5017A0446006890
:107DD000002201F0B5F9617A0022206801F0B0F9C3
:107DE000A17A0022206801F0ABF9E17A0022206834
:107DF000BDE8104001F0A4B910B5017A044600684E
:107E0000012201F09DF9617A0122206801F098F9C0
:107E1000A17A0122206801F093F9E17A0122206819
:107E2000BDE8104001F08CB92DE9F04191ED021A46
:107E30009FED3D0A21EE001A91ED012A91F802E032
:107E4000382568263427BCEEC11A0EF0010C6424D4
:107E500011EE102AB7EE001A31EE422A1346002A1C
:107E600018BF012322EE002AD0F80080BCF1000FD9
:107E700008BF342508BF642608BF3827BCF1000FAF
:107E800091ED043A08BF682448F80530BCEEC22AD8
:107E9000002A036808BF41F64D5241F64C5C41F69A
:107EA0004D589A5112EE102A036831EE431A4026BB
:107EB000624508BF41F64B52DA513C23026842F852
:107EC00004800EF0020291ED052A702422EE002AB1
:107ED00021EE000ABCEEC22ABCEEC00A12EE101A55
:107EE0000F46002914BF012741F64D51002A08BF53
:107EF0003C26056808BF6C24AF514FF06C0608BFE4
:107F000040230768002A08BF7026395110EE101A66
:107F10000268614508BF41F64B51D150006840F8F6
:107F20000680BDE8F08100BF0060EA450000000067
:107F300070B584B001AE054630460C4601F040F9FC
:107F400000200390CDE9010028682146324600F068
:107F5000E3FE28686022214601F07AF828680822AA
:107F6000214601F0BDF828680022214601F0A4F85E
:107F700028680122214600F0C3FE2868012221461C
:107F800000F08AFE28680022214600F07DFE04B041
:107F900070BD000000000000B0B586B00446006867
:107FA00001F046F96D46284601F0D6FD4FF4C000B9
:107FB00000900021ADF804100391606802902068E1
:107FC000ADF810100591294601F03AFA217A2046C1
:107FD000FFF7AEFF617A2046FFF7AAFFA17A20469D
:107FE000FFF7A6FFE17A2046FFF7A2FF206840F2E4
:107FF000004240F48061C4F20102914202D10121A9
:1080000001F036FC06B0B0BD10B52DED028B01F0CD
:108010007CFF42F27C44C2F20044204601F07AFF29
:10802000B7EE088A2046B0EE480A01F023FFB0EE12
:10803000480A204601F023FF0521204601F015FFE4
:1080400042F27074C2F20044204601F063FFB0EEC9
:10805000480A204601F00EFFB0EE480A204601F023
:108060000EFF0521204601F000FF42F66424C2F213
:108070000044204601F04EFF9FED168A2046B0EEE8
:10808000480A01F0F7FEB0EE480A204601F0F7FE7C
:108090000421204601F0E9FE42F27814C2F20044C5
:1080A000204601F037FF9FED0C8A2046B0EE480ACB
:1080B00001F0E0FEB0EE480A204601F0E0FE0421A7
:1080C000204601F0D2FEBDEC028BBDE8104001F06D
:1080D00026BF00BFCDCC4C3FCDCC0C3F00000000F4
:1080E00010B5FFF761FD48F21871C2F200410C684B
:1080F0002CB122680A60FFF753FD204610BD02A094
:10810000FEF712FB00F008FB4D6F76652071756578
:108110007565206F766572666C6F770000000000F1
:1081200048F21871C2F200410A68026008607047A4
:1081300000210160704700000068B0FA80F040093B
:108140007047000000000000006870470000000059
:1081500001680A68026008467047000000000000DD
:108160000B4653F8042B002A4FF00002026004D0A3
:108170001A684FF0000C194602E04FF0010C1A4645
:10818000106008606046704780B5FF294FF000021C
:10819000026042600EDC48F21670C2F200400088B5
:1081A00040B948F21C70C2F2004002788A42B8BF5F
:1081B000017080BD02A0FEF7B7FA00F0ADFA00BF73
:1081C000496E76616C6964206D6F766520726571A9
:1081D000756573742073697A650000000000000003
:1081E000B0B548F21670C2F200400288002A08BFFB
:1081F000B0BD48F2207C48F21C7E501EC2F2004CFA
:10820000C2F2004E0AD09EF80030DCF80010524254
:108210000132CC18551C0C602146F9D19EF8001093
:1082200000224843DCF800100A5048F21870C2F2ED
:1082300000400160B0BD00002DE9F04148F2247318
:10824000C2F200431B78834212D948F228780446D0
:10825000C2F200481546D8F8000050F83420002A31
:1082600001BF48F21672C2F200421288002A04D0FE
:1082700015A0FEF759FA00F04FFA43F2087740F8DC
:108280003410C2F2004738684619FEF7F9FE8642FC
:1082900011D8E81C3E6820F00300294630443860BD
:1082A000304601F0D3FDD8F8000000EBC400466072
:1082B0003046BDE8F08146F62200C0F20000FEF72D
:1082C00033FA00F029FA00BF43616E27742061730E
:1082D0007369676E206F6964000000000000000091
:1082E00080B548F22472C2F20042127882420CD960
:1082F00048F22872C2F20042126852F830308B42C3
:1083000002BF02EBC000406880BD02A0FEF70CFA7D
:1083100000F002FA496E76616C6964206F6964202E
:10832000747970650000000010B548F2247302787B
:10833000C2F2004393F800E048F22873C2F200430F
:10834000D3F800C00132D3B2734508D25CF8334091
:108350008C42F7D10CEBC3010270486810BD0020BD
:1083600010BD00000000000080B543F28410002121
:10837000C2F20040017048F2A060C0F2010001F0BA
:108380005BF842F65C51C2F200418A6802448A609E
:1083900042F668510120C2F2004182F000428A6038
:1083A00080BD0000000000002DE9F04F81B089463B
:1083B00005468668FFF7F8FB42F2141A8346C2F2BC
:1083C000004A3046DAF80040A16801F029FA78B98D
:1083D000274624683046A16801F022FA0028F7D029
:1083E0002C603D60584601B0BDE8F04FFFF7D8BBA8
:1083F00001F04AFA80463046414601F011FAC8B110
:1084000043F28C10C2F20040066042F68050C2F285
:108410000040C0F8008048F69010C2F2004080F89A
:1084200000900DA0FEF780F943F28811C2F20041DE
:10843000097879B142F21C10C2F20040844201680E
:1084400018BF2146866029600560CAF8000001F067
:10845000EBF9C7E700F060F954696D657220746F3D
:108460006F20636C6F7365000146007800284FF041
:10847000000008BF7047087001207047000000002E
:1084800080B543F28810C2F200400178022908BF8B
:1084900080BD11B10021017080BD02A0FEF744F93A
:1084A00000F03AF953687574646F776E20636C65F9
:1084B00061726564207768656E206E6F74207368E2
:1084C0007574646F776E000010B50446FFF76CFB9F
:1084D00042F21412C2F200421168A14207D000BF5A
:1084E0000A46096861B1A142FAD1216807E042F267
:1084F0001C11A368C2F200418B6023680B601160FD
:1085000042F21811C2F200410A68A24203D0BDE84B
:108510001040FFF745BB42F65C52C2F200420A60CF
:10852000BDE81040FFF73CBB43F28810C2F20040A8
:108530000078002818BF01207047000000000000EC
:10854000FEF7C6FA4AA0FDF7BFFFFDF741FDFFF7B2
:108550001BFB48F6F000C2F2004001F0E5FC0028E9
:1085600053D00546FFF710FB01F08EF943F2881750
:1085700043F28A16C2F20047C2F2004604460220C5
:10858000397842F65C52C2F20042002942F21C11D4
:1085900008BF3570387042F21410C2F20040C2F2C7
:1085A000004101609068886042F21810C2F20040F9
:1085B0000A60026042F66850C2F20040106001F0AA
:1085C00033F9FEF795FA01203870FFF7E1FA46F625
:1085D0009940C0F20000FDF777FF48F6901142F68F
:1085E0008052C2F2004143F28C13C2F20042C2F246
:1085F0000043097812681B68FDF7EAFC1FA0FDF72D
:1086000063FF32782146FDF7E3FCFFF7C1FA01F082
:108610003BF943F284150126C2F200454FF0FF08F2
:1086200007460AE03C462E70FEF776FA01F02CF978
:1086300001460746204600F0CBF9FFF7ADFA28784F
:108640000028EFD001F020F90446FFF79DFA2878C2
:1086500038B185F8008000BFFFF7AAFA2878002813
:10866000FAD13C1BFFF794FA01F00EF90444DAE763
:108670007374617274696E670000000073687574CA
:10868000646F776E20636C6F636B3D257520737428
:10869000617469635F737472696E675F69643D25B5
:1086A000687500000000000080B546F69940C0F2F1
:1086B0000000FDF709FF48F6901142F68052C2F221
:1086C000004143F28C13C2F20042C2F20043097827
:1086D00012681B68FDF77CFC05A0FDF7F5FE43F270
:1086E0008A11C2F200410978BDE88040FDF770BCF4
:1086F00069735F73687574646F776E2073746174E7
:1087000069635F737472696E675F69643D2568753C
:1087100000000000000000000446FFF735FA48F6AC
:10872000F0002146C2F2004001F003FC000000000E
:1087300043F28410C2F2004090F900100020B1F121
:10874000FF3FC8BF012070472DE9F04142F21417E6
:10875000C2F200473C6820466168A1BB00F0ACF95A
:108760002168D1F8088080B3A6684146304601F000
:1087700057F800281CBF3046BDE8F08142F21811BE
:108780002068C2F200413860D0F8088030460D6899
:10879000A96801F045F83F68002808BF2F4600BFD0
:1087A0003D463F683046B96801F03AF80028F7D0F6
:1087B000214627602C6042F21810C2F2004001608E
:1087C0004046BDE8F0818847CAE742F21810396098
:1087D000C2F200400068A042F2D1ECE700000000C5
:1087E00043F28811C2F200410978002918BF70478E
:1087F000FFF792FF0000000043F284110022C2F252
:1088000000410A7001210170704700000000000063
:1088100043F284100021C2F2004001707047000052
:1088200048F21470C2F2004000210170704700004D
:1088300002A0FDF779FFFFF76FFF00BF73656E744D
:10884000696E656C2074696D65722063616C6C651E
:10885000640000000000000041F2D0002D21C4F2AD
:10886000010040F8D01C016841F0204101607047D0
:1088700048F60D2148F60C23C2F20041C2F2004333
:108880000A781B789A420AD248F6AC1C531CC2F2F2
:10889000004C0B701CF802100170002070474FF064
:1088A000FF30704700000000B0B54FF4706001F079
:1088B000F5FA41F2041001F0F1FA00240721C5F69F
:1088C00002044FF480622046FEF726FD02210122B9
:1088D0004FF480632046FEF7C3FD002103224FF4CE
:1088E000806320460025FFF7CFF807214FF4007280
:1088F0002046FEF711FD022101224FF400732046AD
:10890000FEF7AEFD002103224FF400732046FFF76F
:10891000BBF841F20004C4F20104204601F00EFB52
:108920004FF46131204601F00EFB0021204601F09A
:108930000FFB0021204601F010FB0021204601F032
:1089400011FB0021204601F012FB0021204601F01E
:1089500013FB0421204601F014FB0821204601F0FE
:1089600015FB4FF48011204601F015FB4FF4003148
:10897000204601F015FB204601F017FB204601F0D0
:1089800019FB4EF225402021CEF2000005704EF278
:108990000410CEF200000160B0BD00000000000035
:1089A00010B504467E2801D1FFF732FF48F6E801F2
:1089B000C2F200410888C209022A88BF10BD421CC9
:1089C0000A8048F26871C2F200410C5410BD0000E8
:1089D0002DE9F04381B048F69C180C46C2F20048DD
:1089E00048F6A019201AC2F20049D8F8001048F63B
:1089F000A4170131C8F800100021D9F80020B1EB0C
:108A0000104FC2F200470244C9F8002005D140438C
:108A10003968FF3001EB10200BE0B1EB105F06D19D
:108A200000F1FF013A68090A01FB002001E04FF064
:108A3000FF30396848F694158842C2F2004538BFC5
:108A40004FF0FF302E68386044F64030C0F24C00E2
:108A500000F0F2FCA11B81421AD30FA0FDF734FDF8
:108A6000D8F80010D9F800203B68FDF7B1FA286863
:108A7000A04206D948F69810C2F2004001680131C0
:108A800001602C6000203860C9F80000C8F80000C0
:108A900001B0BDE8F08300BF737461747320636F2D
:108AA000756E743D25752073756D3D257520737544
:108AB0006D73713D2575000000F002B800000000E4
:108AC00070B50446006AD4E90912FEF7ADFD00F066
:108AD000DBFE61690139E269CB0702EB00056161E8
:108AE00003D00126A560304670BD71B1B4F91020E5
:108AF000E168A06908441144E1602946A06100F0E2
:108B00008FFE002808BFA569EBE7204600F024F897
:108B100006460028E7D0A068294600F081FE00281C
:108B2000E1D0A068461B4FF47A7000F085FC40420B
:108B30008642D6DA02A0FDF7F7FDFFF7EDFD00BF94
:108B40005374657070657220746F6F206661722057
:108B5000696E207061737400B0B500F13C05044685
:108B60002846FFF7E9FA10B100206061B0BD284641
:108B7000FFF7EEFA0546B0F90800A369208269689C
:108B80000A1819442B7BA161A1606989A06BE2607E
:108B9000DA074FEA4102626102D10844A06306E0AD
:108BA00004F12C02081AA06307CAFEF73DFD28460F
:108BB000FFF7B6FA0120B0BD70B582B040F609717A
:108BC000FF208DF80700C0F200010DF10700FFF74C
:108BD000ABFBB8B140F609740646C0F200040DF1D3
:108BE000070500BF06F13C00FFF7A2FA06F14400BA
:108BF000002100F009F828462146FFF795FB0646BC
:108C00000028EFD102B070BD10B504464438FFF71C
:108C10005BFC54F80C0C54F8301C4FF0000C44F87A
:108C20003CCCA0EB510244F82CCC54E9060182EA7A
:108C3000E27344F830CCC3EBE27E237A54F8102C74
:108C400044F80CEC03F01403083323720023FEF7FE
:108C500073FD237AA4F1240207CA03F00403FEF78C
:108C60006BFD083C2046FFF767FA002818BF10BDCF
:108C70002046FFF76DFAFFF753FA2046FFF75CFA3C
:108C80000028F5D010BD0000032988BF704700EB15
:108C90008100426670470000032988BF704780B595
:108CA00009B20BA30FF2380C0FF2440E53F8213027
:108CB0005CF821C05EF821E0195801EA0C01195056
:108CC00002FA0EF11A5811431950BDE8804070475E
:108CD00018000000180000001C0000001C0000002C
:108CE000FFFFFFEFFFFFFFDFFFFFFFEFFFFFFFDFF4
:108CF0001C0000001D0000001C0000001D00000002
:108D00004FF08053012A03FA01F1426F14BF22EAA7
:108D10000101114341677047032900F2968110B5A4
:108D2000DFE801F0023794D6016A4FF6FC7C21F0AF
:108D3000010101621188036ACBF6FF7C4FF0180E27
:108D400019430162016A21F0020101629188036AFC
:108D500019434CF6FF73C4F201030162984200F319
:108D6000FF8043F6FF71C4F20101884240F32B817A
:108D700044F20001C4F20101884200F0388144F25B
:108D80000041C4F20101884200F0318144F6000143
:108D900029E1016A21F0100101621188036A43EAA6
:108DA00001110162016A002321F020010162B2F881
:108DB00004C0D0F820E020F48061C4F2010399429D
:108DC0004EEA0C11016223D1016A21F040010162D7
:108DD0005188036A43EA01110162016A21F08001AE
:108DE0000162D188036A43EA01110162416821F4FA
:108DF000806141601189436843EA810141604168B3
:108E000021F4006141605189436843EA8101416076
:108E10004DF2FF714FF6FF4CC4F201014FF0180EF6
:108E20008842C7F6FF7C00F3B08044F20001C4F230
:108E30000101884200F0BB804DF20001C4F2010143
:108E4000884200F0B4804DF20041ACE0016A4FF678
:108E5000FC7C21F4807101621188036ACBF6FF7CEF
:108E600043EA01210162016A002321F400710162D9
:108E7000B2F804E0046A20F48061C4F2010399426C
:108E800044EA0E21016268D1016A21F48061016225
:108E90005188036A43EA01210162016A21F40061F9
:108EA0000162D188036A43EA01210162014651F857
:108EB000043F23F480530B6013890C6844EA0313C6
:108EC0000B600B6823F400530B605289120140E0E1
:108ED000016A20F4806421F4805101621188036AE0
:108EE0004FF6FF4CC7F6FF7C43EA01310162016A8D
:108EF00021F400510162B2F804E00021036AC4F2D7
:108F000001018C4243EA0E31016226D1016A21F44B
:108F1000804101625188036A43EA01310162016ABA
:108F200021F400410162D188036A43EA0131016200
:108F3000014651F8043F23F480430B6013890C6809
:108F400044EA83130B600B6823F400430B605289DF
:108F500092010B684FF01C0E6DE04FF01C0E6CE0A0
:108F60004DF2FF71C4F20101884234DD4DF600017B
:108F7000C4F2010188423AD04FF20001C4F201016B
:108F8000884234D04DF600412DE04DF60001C4F288
:108F9000010188420BD04FF20001C4F20101884266
:108FA00005D04DF60041C4F20101884245D1014689
:108FB0004FF0180E51F8043F23F480630B601289C0
:108FC0000B68920037E00021C4F2010188420ED004
:108FD00040F2004107E04DF20001C4F20101884275
:108FE00005D04DF20041C4F20101884225D1016A49
:108FF00021F0040101625188036A19430162016A88
:1090000021F008010162D188036A19430162014617
:1090100051F8043F23F480730B60B2F808E00B684A
:1090200043EA0E030B600B684FF0180E23F4007335
:109030000B6053890A681A430A605EF8001001EA5F
:109040000C014EF80010BDE8104070470000000011
:10905000132930D8DFE801F00A0D10132F2F2F2F1E
:109060002F2F2F2F2F2F2F2F16191C2350F8181F9B
:1090700010E050F8181F14E050F81C1F0AE050F8D8
:109080001C1F0EE050F8481F04E050F8481F08E08D
:1090900050F84C1F4FF68F73CFF6FE7306E050F872
:1090A0004C1F48F6FF731202CFF6FF6319400160B0
:1090B000016811430160704713290DD84FF00F1359
:1090C000CB40DB0708BF704709B245F63843C0F212
:1090D000000353F821100A50704700000000000000
:1090E00013292BD8DFE801F00A0D10132A2A2A2AA7
:1090F0002A2A2A2A2A2A2A2A16191C2150F8181F35
:1091000010E050F8181F12E050F81C1F0AE050F849
:109110001C1F0CE050F8481F04E050F8481F06E000
:1091200050F84C1F21F0080104E050F84C1F1202C7
:1091300021F4006101600168114301607047000083
:1091400013293BD8DFE801F00A0F14193A3A3A3AEA
:109150003A3A3A3A3A3A3A3A1E232A3150F8201F1C
:1091600021F0010126E050F8201F21F0100112E04B
:1091700050F8201F21F4807114E050F8201F21F4D2
:10918000805116E050F8201F21F0040112E050F841
:10919000201F21F04001016012010CE050F8201F57
:1091A00021F480610160120205E050F8201F21F4D3
:1091B00080411203016001681143016070470000A3
:1091C00000218160416001607047000000000000E4
:1091D000B0B54EF6FC540025CEF20004206840F0F5
:1091E0008070206041F20000CEF20000016841F082
:1091F00001010160456042F67450C2F20040012155
:10920000FFF7D2F8FEF7D0FC202104F8D91C4EF26B
:1092100010010722CEF200010A604D608D604FF010
:10922000806144F8F81CBDE8B040FEF7B9BC00000E
:1092300010B54FF2FF31C4F20001884223DC41F245
:10924000FF31C4F20001884241DD4EF2FF71C4F2E9
:109250000001884272DC41F20041C4F20001884200
:1092600000F0B0804EF20001C4F20001884200F02C
:10927000AC804EF20041C4F20001884240F0D3803D
:1092800040F60704C7E044F2FF71C4F201018842CE
:1092900039DD4DF2FF71C4F20101884263DC44F60E
:1092A0000001C4F20101884200F092804DF20001F9
:1092B000C4F20101884200F08E804DF20041C4F2F8
:1092C0000101884240F0AF8040F61A14A3E040F25A
:1092D000FF71C4F2000188425ADD40F60001C4F279
:1092E000000188427AD040F60041C4F20001884271
:1092F00077D041F20001C4F20001884240F093802F
:1093000040F6040487E040F2FF31C4F201018842D4
:109310004ADD40F20041C4F20101884264D044F2C7
:109320000001C4F20101884261D044F20041C4F25C
:109330000101884277D140F611146CE04EF600012D
:10934000C4F20001884255D04EF60041C4F200013B
:10935000884252D04FF20001C4F20001884262D12B
:1093600040F60A0457E04DF60001C4F201018842BC
:1093700046D04DF60041C4F20101884243D04FF27D
:109380000001C4F2010188424DD140F61D1442E0B3
:10939000B0F1804F3AD040F20041C4F2000188425F
:1093A00041D140F6010436E04FF20041C4F2000121
:1093B00088422ED00021C4F20101884233D14FF4FB
:1093C000106428E040F6050425E040F6060422E09B
:1093D00040F612141FE040F619141CE040F6020497
:1093E00019E040F6030416E040F6011413E04FF4D0
:1093F000116410E040F608040DE040F609040AE0AC
:1094000040F61B1407E040F61C1404E04FF400641F
:1094100001E040F60B04204600F00EFD2046BDE8BA
:10942000104000F00EBD10BD016841F00101016067
:1094300070470000000000004FF416714843704769
:1094400080B54EF2FF320B88C4F200028362904274
:1094500014DC40F2FF72C4F20002904226DD40F6B6
:109460000002C4F20002904232D040F60042C4F240
:10947000000290422CD04EF2000225E04EF6FF3260
:10948000C4F20002904217DD4EF60042C4F2000220
:1094900090421DD040F20042C4F20102904217D027
:1094A0000022C4F20102904212D021E0B0F1804FBC
:1094B0000ED040F2004207E04EF20042C4F2000239
:1094C000904205D04EF60002C4F2000290420FD145
:1094D000026822F0700202604A88036802F06002AB
:1094E0001A4302608A88036802F010021A4302607D
:1094F000D1E9022E4FF2000CC2624EF6FF7220F448
:109500008063C4F2000CC4F20002634508BFC0F8D7
:10951000D4E0904208DC41F20002C4F20002904222
:1095200069D041F2004203E0604564D04FF200424E
:10953000C4F2000290425ED002684CF6FF7322F43F
:10954000407202600A8AC4F201039842036802F47E
:10955000407242EA0302026014DC43F6FF72C4F276
:109560000102904223DD44F20002C4F20102904263
:1095700031D044F20042C4F2010290422BD044F6B2
:10958000000224E04DF2FF72C4F20102904216DDA7
:109590004DF60002C4F2010290421CD04FF20002CC
:1095A000C4F20102904216D04DF600420FE00022B4
:1095B000C4F2010290420ED040F2004207E04DF2A8
:1095C0000002C4F20102904205D04DF20042C4F202
:1095D000010290420FD14A69D0F8FC30B2F5807F89
:1095E0004FF0980223F0040334BF30220433C0F854
:1095F000FC3049691150416941F00101416180BD70
:109600004EF6FF32C4F2000290424FF0000219DD24
:109610004DF2FF33C4F2010398422DDC43F6FF7391
:10962000C4F2010398424CDC4EF60043C4F200033E
:10963000984270D040F20043C4F20103984208BF40
:109640003C2277E040F6FF33C4F20003984227DD66
:109650004EF2FF33C4F20003984240DC40F6004370
:10966000C4F20003984258D04EF20003C4F2000343
:10967000984208BF54225DE04DF6FF33C4F2010367
:1096800098423ADC4DF20043C4F20103984246D0BE
:109690004DF60003C4F20103984208BF9C2249E042
:1096A000B0F1804F3DD040F20043C4F20003984235
:1096B00039D040F60003C4F20003984208BF2422C8
:1096C00038E044F20003C4F2010398422DD04DF279
:1096D0000003C4F20103984208BF84222AE04EF23C
:1096E0000043C4F20003984221D04EF60003C4F2B6
:1096F0000003984208BF6C221CE04DF60043C4F200
:109700000103984215D04FF20003C4F201039842BE
:1097100008BFB4220EE078220CE030220AE090224A
:1097200008E00C2206E0182204E0482202E0602251
:1097300000E0A822B0B540F200506FF0802EC5F6D0
:10974000000047F6FF7C42EA0003C0F21F0C1058ED
:109750001A4610EA0E0F184652F8045F50F8084FE8
:1097600008BF15EA0C050FD01C6814EA0E0F15D0BF
:10977000002000BF1A68C240D20630D105300F2841
:10978000F8D14FF0000C2EE014F4F814ECD14FF4A3
:10979000F81202EA014CC0F800C0B0BD13684FF4E3
:1097A000F81513EA0C0F05EA014335D000204FF0FD
:1097B000000C06E014F4F81F18BF9C46053014286E
:1097C00027D00F281468F5D024FA00F5ED06F5D05F
:1097D00001F01F0101FA00FCC2F800C0B0BD01F0A9
:1097E0001F0202FA00FC10204FF03E0E421E1C68C1
:1097F0000EFA02F2144205D105301F28F6D1C3F843
:1098000000C0B0BD01FA00F000EA020CC3F800C0CD
:10981000B0BDC2F800C0B0BD0360B0BD0000000024
:10982000401AC00F704700004EF214000021CEF223
:109830000000016041604FF08061C0F8F01C70478B
:10984000426822F07002114341607047000000003E
:1098500039B1802918BF7047816841F0800181606B
:109860007047816821F0800181607047000000002E
:10987000426C012922F4004208BF02F50042426412
:10988000704700000000000041F20400CEF200002A
:10989000006870470000000042F674500121C2F2D7
:1098A0000040FEF781BD00004EF6FF32C4F2000218
:1098B00090424FF0000219DD4DF2FF33C4F2010374
:1098C00098422DDC43F6FF73C4F2010398424CDC4E
:1098D0004EF60043C4F20003984270D040F20043B9
:1098E000C4F20103984208BF3C2277E040F6FF3300
:1098F000C4F20003984227DD4EF2FF33C4F20003A6
:10990000984240DC40F60043C4F20003984258D02D
:109910004EF20003C4F20003984208BF54225DE0F7
:109920004DF6FF33C4F2010398423ADC4DF2004396
:10993000C4F20103984246D04DF60003C4F201037D
:10994000984208BF9C2249E0B0F1804F3DD040F2E0
:109950000043C4F20003984239D040F60003C4F239
:109960000003984208BF242238E044F20003C4F206
:10997000010398422DD04DF20003C4F20103984236
:1099800008BF84222AE04EF20043C4F2000398424A
:1099900021D04EF60003C4F20003984208BF6C22A7
:1099A0001CE04DF60043C4F20103984215D04FF27B
:1099B0000003C4F20103984208BFB4220EE07822EB
:1099C0000CE030220AE0902208E00C2206E0182287
:1099D00004E0482202E0602200E0A82240F20050A9
:1099E0000529C5F6000002D842EA000C07E08318FA
:1099F000092902D803F1040C01E003F1080CF0B5C9
:109A000042EA0003841820466FF080221D6847F662
:109A1000FF7EC0F21F0E154250F8046F54F8085F25
:109A200005D116EA0E0608BF15F4F8150ED01D680C
:109A3000154210D000201F221E6802FA00F52E42A7
:109A400027D105300F28F7D1002728E002293CD87C
:109A500001EB810077E0026812EA0E0F3BD04FF075
:109A6000000E1F240023002707E000BF04FA03F5BF
:109A70002E423BD10533142B1DD00F2B0668F5D198
:109A800016F4F81FF6D00268C0F800E0C2F30447ED
:109A9000F0E71A682A4022FA00F700201860102028
:109AA0003E2400BF461E1A6804FA06F52A4207D172
:109AB00005301F28F6D1022921D801EB810033E0BF
:109AC0001A682A4022FA00F715E0052908D801EBA8
:109AD0008100013037E020682346C0F304470AE0E4
:109AE000082926D801EB81001E382CE002682A40A4
:109AF00022FA03F70346002018600229DDD9052960
:109B000003D801EB810001300EE0082903D801EBF6
:109B100081001E3808E0092903D13804CCF8000080
:109B2000F0BD01EB81003B3807FA00F0CCF80000F3
:109B3000F0BD092904D14FF4F810CCF80000F0BDB5
:109B400001EB81003B381F2101FA00F0CCF8000046
:109B5000F0BD0000000000000021016081804FF096
:109B6000FF32C0E90222018241617047000000001B
:109B700010B541F20400CEF200000468FEF704F8CC
:109B800048F6A810C2F200400168091BB1F1FF3F7E
:109B9000D8BF0460BDE81040FDF7FABF0000000028
:109BA000014682686FF07F4301201A448A60704743
:109BB00070B516460C460546FDF7F6FF5EB16168C6
:109BC000002901BF6660E9692160EC6104BFBDE85E
:109BD0007040FDF7E5BF02A0FCF7A6FDFEF79CFD77
:109BE00043616E277420616464207369676E616CE1
:109BF000207468617420697320616C726561647996
:109C0000206163746976650070B590F82020044681
:109C1000D00708BF70BDE0690D4684F8211002F03E
:109C2000FA0101F1040184F8201058B1002600BFA8
:109C30000168E16142682946066046609047E06934
:109C40000028F5D148F60E20C2F20040BDE8704071
:109C5000FEF7D2BD0000000070B5017D0446C807C4
:109C60001AD0A57D206901F0FA01657501F10401A2
:109C7000217558B1002600BF01682161426829465C
:109C800006604660904720690028F5D148F60E200E
:109C9000C2F20040FEF7B0FD002070BD00000000E1
:109CA00040F67971C0F20001FEF71ABB0000000017
:109CB00010B5044690F8200040F0040084F820001D
:109CC00048F60E20C2F20040FEF796FDA168012082
:109CD000A2691144A16010BDF0B581B040F6797160
:109CE000FF208DF80300C0F200010DF10300FEF724
:109CF0001BFB20B340F6797504460027C0F200052F
:109D00000DF1030609E000BF30462946C4F8037090
:109D10002760FEF709FB044688B12046FEF7D4FB16
:109D200004F10C00FEF7D0FB54F81C0F0028EBD018
:109D300001680760002947600846F9D1E4E701B0EF
:109D4000F0BD0000000000002DE9F04782B048F6A9
:109D50000E20C2F20040FEF787FB00283ED040F6FE
:109D60007971FF208DF80700C0F200010DF10700A6
:109D7000FEF7DAFA90B340F6797946F67F3807466F
:109D8000C0F200090DF1070AC0F2000806E000BFAA
:109D900050464946FEF7C8FA0746F8B197F8200042
:109DA0004007F5D5FFF770FD0646FDF7EDFE97F885
:109DB000205097F8214005F0FB0087F82000FDF7C0
:109DC000E7FE9DF807704046FCF77EFB05F00102B8
:109DD000394623460096FCF7FBF8D9E702B0BDE808
:109DE000F0870000000000004EF6FC52CEF20002A8
:109DF0001168C90141F20001CEF2000107D41368D5
:109E000043F0807313600A6842F001020A604FF663
:109E1000A852CFF6FF7250434A68801A4A68121857
:109E2000FCD4704740F6D94CC0F6000C604741F2B4
:109E3000412CC0F6000C604742F6191CC0F6000C1D
:109E4000604742F6F90CC0F6000C604740F2434C04
:109E5000C0F6000C604740F2F53CC0F6000C6047CD
:109E600040F2754CC0F6000C604741F2A15CC0F6B0
:109E7000000C604741F2092CC0F6000C604741F22B
:109E8000691CC0F6000C604740F2F53CC0F6000CBF
:109E9000604740F2594CC0F6000C604742F6D90CBE
:109EA000C0F6000C604740F6214CC0F6000C60473D
:109EB00041F2596CC0F6000C604740F6294CC0F6E0
:109EC000000C604740F6614CC0F6000C604741F65C
:109ED000D97CC0F6000C604741F6717CC0F6000CDE
:109EE000604741F6C17CC0F6000C604740F6E13C9B
:109EF000C0F6000C604740F6D13CC0F6000C60474D
:109F000040F6B93CC0F6000C604741F2F96CC0F66F
:109F1000000C604741F2A11CC0F6000C604742F6FD
:109F2000E14CC0F6000C604740F2894CC0F6000CD2
:109F3000604740F2A34CC0F6000C604742F6A96CA3
:109F4000C0F6000C604742F6D95CC0F6000C6047D2
:109F500043F2090CC0F6000C604743F2490CC0F60E
:109F6000000C604742F6C97CC0F6000C604742F620
:109F7000B17CC0F6000C604742F6997CC0F6000C3C
:109F8000604742F6E17CC0F6000C604743F2210CCA
:109F9000C0F6000C604743F2310CC0F6000C60477D
:109FA00042F6F17CC0F6000C604742F6817CC0F6B8
:109FB000000C604742F6717CC0F6000C6047000060
:109FC00034000000380000003C00000040000000A9
:109FD00034000000340000003400000034000000B1
:109FE00034000000340000003400000034000000A1
:109FF0003400000034000000340000003400000091
:10A0000054000000580000005C00000060000000E8
:10A0100000004002CF670000310006000000000091
:10A02000320009018267000033000E0283670000DE
:10A0300034001503A267000035000B01CE67000055
:10A0400036001503A267000037001002D167000038
:10A0500038000B01CE67000039001204D3670000FE
:10A060003A004001D76700003B000B01CE670000BB
:10A070003C000D02D86700003D001104DA670000C3
:10A080003E001104856700003F001003896700004F
:10A09000400040038C67000078DA9D58DB6EE436A0
:10A0A00012FD1542C06093C031A4BED96E60107419
:10A0B0003C9D8937E389E3B63701160B8196D8DDDD
:10A0C00084750B49F916F8DFF7545194E4CB4B3201
:10A0D0000FD322594516AB4E551DFAAF48364DB435
:10A0E0008C7E2974D328131D4437AD2EF2F44E19FB
:10A0F000ABEBCA626997654BF1CDE7AFD762654AB2
:10A10000B12E6F549EAB5C5CD57591EDA5AE44123B
:10A110001F4EBF9FC493E43089BFE5D16122681C04
:10A120001F4F66E21BA30A25ADFA56DCE8AA75BAF2
:10A13000B07F67B7C9E17471981CF26E8B4902FB5E
:10A14000B2BA2C6595C3B2BF22591475269D4A6BCD
:10A150009D5B91D56DE53E7EC8A26532A57B3887B3
:10A160000BA432BB1558C6FC48607A3C12C8F320D9
:10A17000D0D4967F74F5F1432B9AB628D2B6618578
:10A18000593C28FCD92AF3D8EF090B6E49DA28EBA1
:10A1900052A7B35BEB47CEC8CA96DAA5E154A12B10
:10A1A00078B53BFF0417815B4C6AF7ADCBEBFB2A1C
:10A1B0005A1ED1DDAAADDEA5B29245BD4BE18C6041
:10A1C000171B04B541A6332648F8613ADC7096F4B3
:10A1D000A2B9DE69278BB46EDDCB0DC59D2C5A4527
:10A1E000E35C6D655BB8B49F28E5439AB7463A8057
:10A1F000808F9E4CFAFD14BCEFEAE6C55ED90B6F6A
:10A200004D87C3CBACD03741D43A45286307B19BC7
:10A210000AFEFFB6E42366C7BD562738D64BBB738C
:10A22000726DC2A777280B0F526D61551F07D83D7D
:10A230006CEA8C7DACB26E4F18393F887275D3EEE4
:10A24000D2AA460A24B330C4EE3B914B273F7EF896
:10A250000E304B7A39A324A06272BA4126801BC308
:10A2600047244741E0DE68A7DE48909BBDE0E2203E
:10A2700052A5323B55658F29F9305AC2BCCE9FE9B1
:10A28000BE2ED51B58595936C570A130EE41F51276
:10A2900076307D88A1BF6FDAEDE88CDEED94A14BBE
:10A2A000588A2979201E0E6750C326E954EFA10968
:10A2B00050BAD500A37EA213C989223399BF0B429D
:10A2C000BC532EBD91566769238D2C45D5FA404E5F
:10A2D000FD12DF01927137E40D309EF8B12AB316FA
:10A2E0008ADEDE6839F7B334D9151F18E0E7DAC61D
:10A2F000E912223047E7AA727A8BF4DB6EAD7274F2
:10A30000E751DA1F440CB734604F67A6265404AFF8
:10A31000EACA29D3D4052EC920F7C821E81DBD52A9
:10A3200085238A22574E656E0021A6DCDE785CCD3F
:10A33000164123989496B5AB7BC8B6C820B2AE2D13
:10A34000BBDC9D4D83822567B4C6402D489BB60A71
:10A3500053A4B4AF5182873194E763E546E7DEE367
:10A360007DFADF369C47DA0B03C9F0ABCC28798540
:10A37000FF6170F8C861D507FB4D99F987A02B07DD
:10A38000D0ED5BAE1CC308457007C5BDCA6E47C59E
:10A3900069BA601B5AF55E6DEAAD403D1BE5711C64
:10A3A00054DE04D4A757C0010E45DEE157430961CE
:10A3B00035AAACEF54DA28550CBE88960B5A813377
:10A3C000E18F49F7C93B7BD4BEB6055B210224333C
:10A3D00036F8551505008FDF08A5CD7D99668F28C5
:10A3E000F6FD9E3418DF2CF14A957AE84C40890B33
:10A3F000C2F8F4A9087BBBA298524AA053690E6F19
:10A400009FABB34180139ABCE7535EF41560540FC1
:10A41000A001407653743CA5D83B5140B046724EE3
:10A420009A01B3AAA94D97E5BEE5F1B887857A6888
:10A43000B4512FEACDACDFE99569632184A36D7235
:10A44000EAEAEF8063E4EB93E750D9890AAC3E9DDA
:10A45000A6E7AB3FA8539F2054A75F7E3DFD25FD97
:10A46000E972FD1B421D77FF0EA2F3D36B6234F934
:10A4700074B23F9A1F3DEDC0272ED7A7EBB3FFACB8
:10A48000D3DFCFBE7EFAF577DA7742939BF52526A8
:10A490002FCEBE6EE01DA36501BD8BD5C9C145128F
:10A4A0004309AB67AB2FE98FABEB4FE4C878469B12
:10A4B0006FAE56579B74737DBEF90D2B9B3581662D
:10A4C000F14C25B645D1E756CAAC05B009165FADCB
:10A4D000CF2FD697ABABEB4B96867F2E5671B4FC45
:10A4E0006F7C902CFE87C18F3440DBF0A3531AC1E0
:10A4F0003F7EF48946E8997EB4A6D162D68D7EA2CD
:10A50000D171D8E5338D4EC22E3FF39E49D8E6DF98
:10A510003C9CB1E63361088652A40DBA206A5B67A1
:10A52000A9E0186C7D3E7B38AE0AEA878F227488DA
:10A53000DCF3AE535989AA76029812B6DE224BEEAE
:10A540004B8F79C1D010F77B8D6F1F622B1A34208F
:10A550009CE4131CBAFF7294BEC2EA1D76156E2FDE
:10A560009DD056C8EE2C4AE03BE5B3B113B6244A61
:10A57000F0F03DC9CF723E0B82348E5355201E83BE
:10A580003E627CEA89A4402545848532A636CCC249
:10A59000C282512838D6718F3EAB803C9D8B40BB28
:10A5A000067EE7EB8EAF3541AAE3A8DCD486398876
:10A5B000092EDB682BC6E75F58A41215CEC3DD9FBA
:10A5C00094E7236119B713EEB151BE799ECB070A08
:10A5D000C57130C637EA7365ADDC29016E51E72AD3
:10A5E0005C07713AD7D682615B14E1BC2D88DB40F1
:10A5F000998A8DE8F28B63ABEE14DF022E3C276361
:10A60000B8D60A7C996D51DF7B16F4156195C29B13
:10A61000449860205379182FE8AAF1A5D1F30B5E76
:10A62000AAE888611A675CAACE1E58466132D043F8
:10A63000B4151C441EA722B0E905DED829EE7551D9
:10A64000A0C0640AAB63AA4AE90B4DC4DEFB86B71F
:10A6500023095DB665980B014358371DFB164CC6A0
:10A66000B119A385E1DBF37232A5838FAB6BB19592
:10A670006CABB793AAEE159B4F4B28855631FDE185
:10A680008709DA5E5BDD420178CF3D4D1CCDDB6191
:10A6900061D153548FDBBA2A00F53B2CCB9B22208F
:10A6A000B8B70717E4E74E9F13DD2328F754CB1202
:10A6B0001BA9D0ECBC5B332CD3D2ECDDAA4A37F516
:10A6C00061BBD76EDFA5878F3D75B3E7BEA7501975
:10A6D00000644C9BD3F774E8350FD1321E468F4C83
:10A6E000C2C2E8090E7AC61E85CE54459E89E8DDB1
:10A6F000F7F9E2CBDD34E29EDB00BDCABFE402170E
:10A7000079414119A64387E96905703D7AE1BDD0D9
:10A710009023A22178C5B37894C6C8B7F6A1B3CD6B
:10A720007BC7A3C674CC8F7B1F735C9A0B5E67B626
:10A730004834A22719D03E1ADE05168FA79EE6CF11
:10A740004F065AFDC236107CA4DFDB7B8D593B2CB3
:10A750004D069A9B06278DF8AE7F991CD2A5E0F98D
:10A760009191E275EDEEEC8C893BF6AC5A3C02E936
:10A77000DD3E8ABDEAE7BDE913A68E6C4C70374D0D
:10A78000C3DB3063FC2A9A13D519B22710C7F72D03
:10A79000604C803A70A19F9DF82ED33FD8A1C60F80
:10A7A00007FAB17FFA03476CE615D5F18F744D6D4A
:10A7B0007DCC4B062F67B2673EEFBE7B460058301C
:10A7C000D7E036B1D7BB3DB3C8011D7340B77F8A10
:10A7D000443FD01F2516F1229EA4C93C9E4D4EBE7B
:10A7E0007F425EEE1EB444B1A78B3DFF1F23F5C927
:10A7F000B600000059070000000000000000000043
:10A800000000000000000000010002010200000042
:10A810008F670000411800000200000000000000E7
:10A820000000000079170000030001000100000093
:10A83000CE67000091160000040002000200000034
:10A84000D1670000A9190000050000000000000009
:10A8500000000000C1170000060001000100000018
:10A86000CE670000B91B00000700000100000000D7
:10A8700000000000110D00000800000100000000B1
:10A8800000000000C11100000900000100000000EC
:10A8900000000000F11700000A00000100000000A5
:10A8A00000000000C91600000B00010001000000BC
:10A8B000CE670000611400000C00000100000000E1
:10A8C00000000000F91600000D000100010000006A
:10A8D00091670000310B00000E0000010000000035
:10A8E00000000000A10F00000F00020101000000A5
:10A8F000D7670000A90F000010000301030000004B
:10A9000092670000291000001100020102000000FF
:10A9100095670000D90F000012000200020000003D
:10A920008F670000811C000013000200020000007D
:10A9300097670000211F00001400030003000000BF
:10A9400092670000291A00001500020002000000B2
:10A9500095670000991C0000160005000500000026
:10A9600099670000A90D0000170002000200000016
:10A9700097670000A91D00001800010001000000F9
:10A9800091670000491D000019000200020000004C
:10A9900095670000C91B00001A00020002000000B9
:10A9A00097670000111D00001B0004000400000058
:10A9B0009E670000F91A00001C0005000500000059
:10A9C000A5670000090F00001D0001000100000044
:10A9D00091670000D11300001E000800080000006D
:10A9E000AA670000611300001F00030003000000BD
:10A9F000B2670000090E0000200002000200000003
:10AA000097670000891E000021000200020000007C
:10AA100095670000D91D000022000400040000001A
:10AA2000B5670000191E00002300010001000000AE
:10AA300091670000790F0000240008000800000062
:10AA4000B9670000C91900002500020002000000DB
:10AA500095670000190D00002600020002000000AA
:10AA600097670000B90B00002700050005000000F3
:10AA7000C1670000910C00002800040004000000E1
:10AA8000DA670000210C000029000200020000002B
:10AA900097670000590D00002A0000010000000027
:10AAA00000000000C11B00002B0003000300000099
:10AAB00092670000011900002C0003000300000051
:10AAC00092670000611900002D00030003000000E0
:10AAD00092670000111900002E0002000200000021
:10AAE00095670000D11800002F000300030000004C
:10AAF000C6670000A918000030000500050000002E
:10AB0000C9670000410E0000310002000204040485
:10AB1000000400020404070004040400000400040C
:10AB20000404000404000400020300000004040400
:10AB300004000400000400040404040404040000ED
:10AB400004040000040002020404000004040404DD
:10AB500000040000000000000600000400040207DA
:10AB600004010404000400000000050000000000CF
:10AB7000656E6473746F705F7374617465206F6960
:10AB8000643D256320686F6D696E673D2563206EA7
:10AB90006578745F636C6F636B3D25752070696EBB
:10ABA0005F76616C75653D256300616C6C6F635FFA
:10ABB0006368756E6B206661696C656400616C6CBE
:10ABC0006F635F6368756E6B73206661696C656443
:10ABD000006F69647320616C726561647920616CD7
:10ABE0006C6F636174656400416C726561647920A7
:10ABF00066696E616C697A65640043616E277420D2
:10AC000061737369676E206F696400414443206F0C
:10AC10007574206F662072616E676500496E76619B
:10AC20006C6964206F696420747970650075706464
:10AC30006174655F6469676974616C5F6F757420C6
:10AC40006E6F742076616C69642077697468206126
:10AC500063746976652071756575650043616E275B
:10AC6000742072657365742074696D6520776865FA
:10AC70006E207374657070657220616374697665A7
:10AC80000043616E277420616464207369676E619C
:10AC90006C207468617420697320616C72656164F2
:10ACA000792061637469766500496E76616C6964C8
:10ACB000206D6F7665207265717565737420736998
:10ACC0007A650043616E206E6F7420736574207323
:10ACD0006F66742070776D206379636C652074698A
:10ACE000636B73207768696C652075706461746547
:10ACF000732070656E64696E67007374657070654B
:10AD0000725F706F736974696F6E206F69643D253F
:10AD10006320706F733D2569004E6F74206120764B
:10AD2000616C6964204144432070696E004E6F7409
:10AD300020612076616C696420696E707574207082
:10AD4000696E004E6F7420616E206F75747075743B
:10AD50002070696E005363686564756C6564206477
:10AD600069676974616C206F7574206576656E74AF
:10AD70002077696C6C20657863656564206D617807
:10AD80005F6475726174696F6E00636F6E66696788
:10AD90005F7265736574206F6E6C7920617661698E
:10ADA0006C61626C65207768656E20736875746489
:10ADB0006F776E00496E76616C696420636F756EA3
:10ADC0007420706172616D6574657200706F6E677A
:10ADD00020646174613D252A7300627574746F6E1E
:10ADE000735F7374617465206F69643D25632061CE
:10ADF000636B5F636F756E743D256320737461745C
:10AE0000653D252A73006964656E746966795F72B1
:10AE10006573706F6E7365206F66667365743D252C
:10AE20007520646174613D252E2A73004D61782080
:10AE30006F66203820627574746F6E73004D69738D
:10AE4000736564207363686564756C696E67206FF1
:10AE500066206E657874206469676974616C206F20
:10AE60007574206576656E74005365742062757420
:10AE7000746F6E2070617374206D6178696D756D8B
:10AE800020627574746F6E20636F756E7400496E06
:10AE900076616C696420627574746F6E732072657C
:10AEA0007472616E736D697420636F756E74005295
:10AEB000657363686564756C65642074696D65723B
:10AEC00020696E2074686520706173740053746526
:10AED0007070657220746F6F2066617220696E20D9
:10AEE0007061737400436F6D6D616E642072657183
:10AEF000756573740070615F76616C75652076614D
:10AF00006C75653D257500747273796E635F73743B
:10AF1000617465206F69643D25632063616E5F74B1
:10AF20007269676765723D2563207472696767653A
:10AF3000725F726561736F6E3D256320636C6F6332
:10AF40006B3D257500757074696D6520686967686B
:10AF50003D257520636C6F636B3D257500646562EC
:10AF600075675F726573756C742076616C3D2575CD
:10AF700000737461747320636F756E743D25752062
:10AF800073756D3D25752073756D73713D25750065
:10AF9000616E616C6F675F696E5F73746174652069
:10AFA0006F69643D2563206E6578745F636C6F63C1
:10AFB0006B3D25752076616C75653D256875006370
:10AFC0006F6E6669672069735F636F6E6669673D60
:10AFD0002563206372633D25752069735F7368750F
:10AFE00074646F776E3D2563206D6F76655F636F68
:10AFF000756E743D256875004D6F766520717565B9
:10B000007565206F766572666C6F7700436F6D6D46
:10B01000616E6420706172736572206572726F7206
:10B020000047444D61696E626F61726420636C6FAA
:10B0300073653D25687520436C6F73655F6E756D34
:10B040003D2568752054656D705F77616B65746927
:08B050006D653D2568750000E7
:04000005080003A547
:00000001FF
